Frames,0,1,2,3,4,5,6,7,8,9,10,11,12,13,14,15,16,17,18,19,20,21,22,23,24
0,,,,,,,,,,,,,,,,,,,,,,,,,
1,,,,,,,,,,,,,,,,,,,,,,,,,
2,,,,,,,,,,,,,,,,,,,,,,,,,
3,,,,,,,,,,,,,,,,,,,,,,,,,
4,,,,,,,,,,,,,,,,,,,,,,,,,
5,,,,,,,,,,,,,,,,,,,,,,,,,
6,,,,,,,,,,,,,,,,,,,,,,,,,
7,,,,,,,,,,,,,,,,,,,,,,,,,
8,,,,,,,,,,,,,,,,,,,,,,,,,
9,,,,,,,,,,,,,,,,,,,,,,,,,
10,,,,,,,,,,,,,,,,,,,,,,,,,
11,,,,,,,,,,,,,,,,,,,,,,,,,
12,,,,,,,,,,,,,,,,,,,,,,,,,
13,,,,,,,,,,,,,,,,,,,,,,,,,
14,,,,,,,,,,,,,,,,,,,,,,,,,
15,"[232, 243]",,,,,,,,,,,,,,,,,,,,,,,,
16,,,,,,,,,,,,,,,,,,,,,,,,,
17,,"[255, 234]",,,,,,,,,,,,,,,,,,,,,,,
18,,"[258, 230]",,,,,,,,,,,,,,,,,,,,,,,
19,,"[281, 220]",,,,,,,,,,,,,,,,,,,,,,,
20,,"[281, 219]",,,,,,,,,,,,,,,,,,,,,,,
21,,"[304, 210]",,,,,,,,,,,,,,,,,,,,,,,
22,,"[304, 210]",,,,,,,,,,,,,,,,,,,,,,,
23,,"[326, 199]",,,,,,,,,,,,,,,,,,,,,,,
24,,"[326, 199]",,,,,,,,,,,,,,,,,,,,,,,
25,,,,,,,,,,,,,,,,,,,,,,,,,
26,,,,,,,,,,,,,,,,,,,,,,,,,
27,,,"[170, 394]",,,,,,,,,,,,,,,,,,,,,,
28,,,"[170, 392]",,,,,,,,,,,,,,,,,,,,,,
29,,,"[185, 374]",,,,,,,,,,,,,,,,,,,,,,
30,,,"[185, 374]",,,,,,,,,,,,,,,,,,,,,,
31,,,"[199, 354]",,,,,,,,,,,,,,,,,,,,,,
32,,,"[200, 353]",,,,,,,,,,,,,,,,,,,,,,
33,,,"[214, 324]",,,,,,,,,,,,,,,,,,,,,,
34,,,"[215, 322]",,,,,,,,,,,,,,,,,,,,,,
35,,,"[224, 302]",,,,,,,,,,,,,,,,,,,,,,
36,,,"[225, 297]",,,,,,,,,,,,,,,,,,,,,,
37,,,"[238, 283]",,,,,,,,,,,,,,,,,,,,,,
38,,,"[244, 272]",,,,,,,,,,,,,,,,,,,,,,
39,,,"[256, 262]",,,,,,,,,,,,,,,,,,,,,,
40,,,"[256, 260]",,,,,,,,,,,,,,,,,,,,,,
41,,,"[270, 247]",,,,,,,,,,,,,,,,,,,,,,
42,,,"[268, 248]",,,,,,,,,,,,,,,,,,,,,,
43,,,"[286, 235]",,,,,,,,,,,,,,,,,,,,,,
44,,,"[286, 234]",,,,,,,,,,,,,,,,,,,,,,
45,,,"[297, 233]",,,,,,,,,,,,,,,,,,,,,,
46,,,"[307, 222]",,,,,,,,,,,,,,,,,,,,,,
47,,,"[314, 222]",,,,,,,,,,,,,,,,,,,,,,
48,,,"[320, 218]",,,,,,,,,,,,,,,,,,,,,,
49,,,"[337, 205]",,,,,,,,,,,,,,,,,,,,,,
50,,,"[338, 203]",,,,,,,,,,,,,,,,,,,,,,
51,,,,,,,,,,,,,,,,,,,,,,,,,
52,,,,,,,,,,,,,,,,,,,,,,,,,
53,,,,,,,,,,,,,,,,,,,,,,,,,
54,,,,,,,,,,,,,,,,,,,,,,,,,
55,,,,,,,,,,,,,,,,,,,,,,,,,
56,,,,,,,,,,,,,,,,,,,,,,,,,
57,,,,,,,,,,,,,,,,,,,,,,,,,
58,,,,,,,,,,,,,,,,,,,,,,,,,
59,,,,,,,,,,,,,,,,,,,,,,,,,
60,,,,,,,,,,,,,,,,,,,,,,,,,
61,,,,,,,,,,,,,,,,,,,,,,,,,
62,,,,,,,,,,,,,,,,,,,,,,,,,
63,,,,,,,,,,,,,,,,,,,,,,,,,
64,,,,,,,,,,,,,,,,,,,,,,,,,
65,,,,,,,,,,,,,,,,,,,,,,,,,
66,,,,,,,,,,,,,,,,,,,,,,,,,
67,,,,,,,,,,,,,,,,,,,,,,,,,
68,,,,,,,,,,,,,,,,,,,,,,,,,
69,,,,,,,,,,,,,,,,,,,,,,,,,
70,,,,,,,,,,,,,,,,,,,,,,,,,
71,,,,,,,,,,,,,,,,,,,,,,,,,
72,,,,,,,,,,,,,,,,,,,,,,,,,
73,,,,,,,,,,,,,,,,,,,,,,,,,
74,,,,,,,,,,,,,,,,,,,,,,,,,
75,,,,,,,,,,,,,,,,,,,,,,,,,
76,,,,,,,,,,,,,,,,,,,,,,,,,
77,,,,,,,,,,,,,,,,,,,,,,,,,
78,,,,,,,,,,,,,,,,,,,,,,,,,
79,,,,,,,,,,,,,,,,,,,,,,,,,
80,,,,,,,,,,,,,,,,,,,,,,,,,
81,,,,,,,,,,,,,,,,,,,,,,,,,
82,,,,,,,,,,,,,,,,,,,,,,,,,
83,,,,"[186, 262]",,,,,,,,,,,,,,,,,,,,,
84,,,,"[186, 262]",,,,,,,,,,,,,,,,,,,,,
85,,,,"[198, 255]",,,,,,,,,,,,,,,,,,,,,
86,,,,"[198, 255]",,,,,,,,,,,,,,,,,,,,,
87,,,,"[219, 243]",,,,,,,,,,,,,,,,,,,,,
88,,,,"[220, 243]",,,,,,,,,,,,,,,,,,,,,
89,,,,"[246, 229]",,,,,,,,,,,,,,,,,,,,,
90,,,,"[246, 229]",,,,,,,,,,,,,,,,,,,,,
91,,,,"[269, 216]","[199, 325]",,,,,,,,,,,,,,,,,,,,
92,,,,"[270, 216]","[199, 326]",,,,,,,,,,,,,,,,,,,,
93,,,,"[295, 205]","[211, 319]",,,,,,,,,,,,,,,,,,,,
94,,,,"[295, 205]","[211, 319]",,,,,,,,,,,,,,,,,,,,
95,,,,"[316, 194]","[237, 299]",,,,,,,,,,,,,,,,,,,,
96,,,,"[316, 194]","[237, 299]",,,,,,,,,,,,,,,,,,,,
97,,,,"[293, 247]","[293, 247]",,,,,,,,,,,,,,,,,,,,
98,,,,"[288, 253]","[288, 253]",,,,,,,,,,,,,,,,,,,,
99,,,,"[316, 240]","[316, 240]",,,,,,,,,,,,,,,,,,,,
100,,,,"[316, 239]","[316, 239]",,,,,,,,,,,,,,,,,,,,
101,,,,"[340, 224]","[340, 224]",,,,,,,,,,,,,,,,,,,,
102,,,,"[340, 224]","[340, 224]",,,,,,,,,,,,,,,,,,,,
103,,,,"[363, 212]","[363, 212]",,,,,,,,,,,,,,,,,,,,
104,,,,"[363, 213]","[363, 213]",,,,,,,,,,,,,,,,,,,,
105,,,,"[383, 203]","[383, 203]",,,,,,,,,,,,,,,,,,,,
106,,,,"[383, 202]","[383, 202]",,,,,,,,,,,,,,,,,,,,
107,,,,"[404, 193]","[404, 193]",,,,,,,,,,,,,,,,,,,,
108,,,,"[404, 193]","[404, 193]",,,,,,,,,,,,,,,,,,,,
109,,,,,,,,,,,,,,,,,,,,,,,,,
110,,,,,,,,,,,,,,,,,,,,,,,,,
111,,,,,,,,,,,,,,,,,,,,,,,,,
112,,,,,,,,,,,,,,,,,,,,,,,,,
113,,,,,,,,,,,,,,,,,,,,,,,,,
114,,,,,,,,,,,,,,,,,,,,,,,,,
115,,,,,,,,,,,,,,,,,,,,,,,,,
116,,,,,,,,,,,,,,,,,,,,,,,,,
117,,,,,,"[206, 243]",,,,,,,,,,,,,,,,,,,
118,,,,,,"[206, 243]",,,,,,,,,,,,,,,,,,,
119,,,,,,"[230, 230]",,,,,,,,,,,,,,,,,,,
120,,,,,,"[230, 230]",,,,,,,,,,,,,,,,,,,
121,,,,,,"[257, 217]",,,,,,,,,,,,,,,,,,,
122,,,,,,"[257, 217]",,,,,,,,,,,,,,,,,,,
123,,,,,,"[279, 207]",,,,,,,,,,,,,,,,,,,
124,,,,,,"[279, 207]",,,,,,,,,,,,,,,,,,,
125,,,,,,"[305, 198]",,,,,,,,,,,,,,,,,,,
126,,,,,,"[305, 198]",,,,,,,,,,,,,,,,,,,
127,,,,,,,,,,,,,,,,,,,,,,,,,
128,,,,,,,,,,,,,,,,,,,,,,,,,
129,,,,,,,,,,,,,,,,,,,,,,,,,
130,,,,,,,,,,,,,,,,,,,,,,,,,
131,,,,,,,"[183, 383]",,,,,,,,,,,,,,,,,,
132,,,,,,,"[183, 383]",,,,,,,,,,,,,,,,,,
133,,,,,,,"[201, 362]",,,,,,,,,,,,,,,,,,
134,,,,,,,"[202, 362]",,,,,,,,,,,,,,,,,,
135,,,,,,,"[218, 344]",,,,,,,,,,,,,,,,,,
136,,,,,,,"[218, 344]",,,,,,,,,,,,,,,,,,
137,,,,,,,"[234, 329]",,,,,,,,,,,,,,,,,,
138,,,,,,,"[234, 329]",,,,,,,,,,,,,,,,,,
139,,,,,,,"[249, 325]",,,,,,,,,,,,,,,,,,
140,,,,,,,"[252, 315]",,,,,,,,,,,,,,,,,,
141,,,,,,,"[284, 303]",,,,,,,,,,,,,,,,,,
142,,,,,,,"[285, 302]",,,,,,,,,,,,,,,,,,
143,,,,,,,"[313, 286]",,,,,,,,,,,,,,,,,,
144,,,,,,,"[314, 284]",,,,,,,,,,,,,,,,,,
145,,,,,,,"[340, 267]",,,,,,,,,,,,,,,,,,
146,,,,,,,"[341, 267]",,,,,,,,,,,,,,,,,,
147,,,,,,,"[369, 252]",,,,,,,,,,,,,,,,,,
148,,,,,,,"[369, 252]",,,,,,,,,,,,,,,,,,
149,,,,,,,"[392, 237]",,,,,,,,,,,,,,,,,,
150,,,,,,,"[391, 238]",,,,,,,,,,,,,,,,,,
151,,,,,,,"[415, 224]",,,,,,,,,,,,,,,,,,
152,,,,,,,"[415, 224]",,,,,,,,,,,,,,,,,,
153,,,,,,,"[439, 211]",,,,,,,,,,,,,,,,,,
154,,,,,,,"[438, 211]",,,,,,,,,,,,,,,,,,
155,,,,,,,"[459, 201]",,,,,,,,,,,,,,,,,,
156,,,,,,,"[459, 201]",,,,,,,,,,,,,,,,,,
157,,,,,,,"[477, 192]",,,,,,,,,,,,,,,,,,
158,,,,,,,"[477, 192]",,,,,,,,,,,,,,,,,,
159,,,,,,,,,,,,,,,,,,,,,,,,,
160,,,,,,,,,,,,,,,,,,,,,,,,,
161,,,,,,,,,,,,,,,,,,,,,,,,,
162,,,,,,,,,,,,,,,,,,,,,,,,,
163,,,,,,,,,,,,,,,,,,,,,,,,,
164,,,,,,,,,,,,,,,,,,,,,,,,,
165,,,,,,,,"[191, 261]",,,,,,,,,,,,,,,,,
166,,,,,,,,"[191, 261]",,,,,,,,,,,,,,,,,
167,,,,,,,,"[203, 254]",,,,,,,,,,,,,,,,,
168,,,,,,,,"[204, 253]",,,,,,,,,,,,,,,,,
169,,,,,,,,"[230, 238]",,,,,,,,,,,,,,,,,
170,,,,,,,,"[230, 238]",,,,,,,,,,,,,,,,,
171,,,,,,,,"[243, 232]",,,,,,,,,,,,,,,,,
172,,,,,,,,"[243, 232]",,,,,,,,,,,,,,,,,
173,,,,,,,,"[279, 213]",,,,,,,,,,,,,,,,,
174,,,,,,,,"[279, 214]",,,,,,,,,,,,,,,,,
175,,,,,,,,"[302, 203]",,,,,,,,,,,,,,,,,
176,,,,,,,,"[302, 203]",,,,,,,,,,,,,,,,,
177,,,,,,,,"[325, 193]","[199, 362]",,,,,,,,,,,,,,,,
178,,,,,,,,"[325, 193]","[200, 361]",,,,,,,,,,,,,,,,
179,,,,,,,,,"[219, 346]",,,,,,,,,,,,,,,,
180,,,,,,,,,"[220, 343]",,,,,,,,,,,,,,,,
181,,,,,,,,,"[251, 325]",,,,,,,,,,,,,,,,
182,,,,,,,,,"[251, 325]",,,,,,,,,,,,,,,,
183,,,,,,,,,"[280, 308]",,,,,,,,,,,,,,,,
184,,,,,,,,,"[280, 308]",,,,,,,,,,,,,,,,
185,,,,,,,,,"[309, 288]",,,,,,,,,,,,,,,,
186,,,,,,,,,"[308, 288]",,,,,,,,,,,,,,,,
187,,,,,,,,,"[332, 269]",,,,,,,,,,,,,,,,
188,,,,,,,,,"[333, 269]",,,,,,,,,,,,,,,,
189,,,,,,,,,"[362, 252]",,,,,,,,,,,,,,,,
190,,,,,,,,,"[362, 252]",,,,,,,,,,,,,,,,
191,,,,,,,,,"[387, 236]",,,,,,,,,,,,,,,,
192,,,,,,,,,"[387, 236]",,,,,,,,,,,,,,,,
193,,,,,,,,,"[411, 222]",,,,,,,,,,,,,,,,
194,,,,,,,,,"[411, 222]",,,,,,,,,,,,,,,,
195,,,,,,,,,"[433, 210]",,,,,,,,,,,,,,,,
196,,,,,,,,,"[433, 210]",,,,,,,,,,,,,,,,
197,,,,,,,,,,,,,,,,,,,,,,,,,
198,,,,,,,,,,,,,,,,,,,,,,,,,
199,,,,,,,,,,,,,,,,,,,,,,,,,
200,,,,,,,,,,,,,,,,,,,,,,,,,
201,,,,,,,,,,,,,,,,,,,,,,,,,
202,,,,,,,,,,,,,,,,,,,,,,,,,
203,,,,,,,,,,,,,,,,,,,,,,,,,
204,,,,,,,,,,,,,,,,,,,,,,,,,
205,,,,,,,,,,"[181, 362]",,,,,,,,,,,,,,,
206,,,,,,,,,,"[181, 362]",,,,,,,,,,,,,,,
207,,,,,,,,,,"[199, 347]",,,,,,,,,,,,,,,
208,,,,,,,,,,"[197, 350]",,,,,,,,,,,,,,,
209,,,,,,,,,,"[214, 337]",,,,,,,,,,,,,,,
210,,,,,,,,,,"[214, 336]",,,,,,,,,,,,,,,
211,,,,,,,,,,"[240, 315]",,,,,,,,,,,,,,,
212,,,,,,,,,,"[240, 315]",,,,,,,,,,,,,,,
213,,,,,,,,,,"[278, 292]",,,,,,,,,,,,,,,
214,,,,,,,,,,"[278, 292]",,,,,,,,,,,,,,,
215,,,,,,,,,,"[304, 277]",,,,,,,,,,,,,,,
216,,,,,,,,,,"[304, 277]",,,,,,,,,,,,,,,
217,,,,,,,,,,"[333, 260]",,,,,,,,,,,,,,,
218,,,,,,,,,,"[333, 260]",,,,,,,,,,,,,,,
219,,,,,,,,,,"[357, 245]",,,,,,,,,,,,,,,
220,,,,,,,,,,"[357, 245]",,,,,,,,,,,,,,,
221,,,,,,,,,,"[379, 230]",,,,,,,,,,,,,,,
222,,,,,,,,,,"[379, 230]",,,,,,,,,,,,,,,
223,,,,,,,,,,"[404, 217]",,,,,,,,,,,,,,,
224,,,,,,,,,,"[404, 217]",,,,,,,,,,,,,,,
225,,,,,,,,,,"[428, 204]",,,,,,,,,,,,,,,
226,,,,,,,,,,"[427, 204]",,,,,,,,,,,,,,,
227,,,,,,,,,,"[446, 195]","[189, 288]",,,,,,,,,,,,,,
228,,,,,,,,,,"[446, 195]","[189, 288]",,,,,,,,,,,,,,
229,,,,,,,,,,,"[203, 278]",,,,,,,,,,,,,,
230,,,,,,,,,,,"[203, 278]",,,,,,,,,,,,,,
231,,,,,,,,,,,"[219, 266]",,,,,,,,,,,,,,
232,,,,,,,,,,,"[219, 266]",,,,,,,,,,,,,,
233,,,,,,,,,,,"[248, 251]",,,,,,,,,,,,,,
234,,,,,,,,,,,"[248, 251]",,,,,,,,,,,,,,
235,,,,,,,,,,,"[276, 237]",,,,,,,,,,,,,,
236,,,,,,,,,,,"[276, 237]",,,,,,,,,,,,,,
237,,,,,,,,,,,"[303, 224]",,,,,,,,,,,,,,
238,,,,,,,,,,,"[303, 224]",,,,,,,,,,,,,,
239,,,,,,,,,,,"[328, 212]",,,,,,,,,,,,,,
240,,,,,,,,,,,"[352, 202]",,,,,,,,,,,,,,
241,,,,,,,,,,,"[352, 202]",,,,,,,,,,,,,,
242,,,,,,,,,,,"[374, 193]",,,,,,,,,,,,,,
243,,,,,,,,,,,"[374, 193]",,,,,,,,,,,,,,
244,,,,,,,,,,,,,,,,,,,,,,,,,
245,,,,,,,,,,,,,,,,,,,,,,,,,
246,,,,,,,,,,,,,,,,,,,,,,,,,
247,,,,,,,,,,,,,,,,,,,,,,,,,
248,,,,,,,,,,,,,,,,,,,,,,,,,
249,,,,,,,,,,,,,,,,,,,,,,,,,
250,,,,,,,,,,,,,,,,,,,,,,,,,
251,,,,,,,,,,,,,,,,,,,,,,,,,
252,,,,,,,,,,,,,,,,,,,,,,,,,
253,,,,,,,,,,,,,,,,,,,,,,,,,
254,,,,,,,,,,,,,,,,,,,,,,,,,
255,,,,,,,,,,,,,,,,,,,,,,,,,
256,,,,,,,,,,,,,,,,,,,,,,,,,
257,,,,,,,,,,,,,,,,,,,,,,,,,
258,,,,,,,,,,,,,,,,,,,,,,,,,
259,,,,,,,,,,,,,,,,,,,,,,,,,
260,,,,,,,,,,,,,,,,,,,,,,,,,
261,,,,,,,,,,,,,,,,,,,,,,,,,
262,,,,,,,,,,,,,,,,,,,,,,,,,
263,,,,,,,,,,,,,,,,,,,,,,,,,
264,,,,,,,,,,,,,,,,,,,,,,,,,
265,,,,,,,,,,,,,,,,,,,,,,,,,
266,,,,,,,,,,,,,,,,,,,,,,,,,
267,,,,,,,,,,,,,,,,,,,,,,,,,
268,,,,,,,,,,,,,,,,,,,,,,,,,
269,,,,,,,,,,,,,,,,,,,,,,,,,
270,,,,,,,,,,,,,,,,,,,,,,,,,
271,,,,,,,,,,,,,,,,,,,,,,,,,
272,,,,,,,,,,,,,,,,,,,,,,,,,
273,,,,,,,,,,,,,,,,,,,,,,,,,
274,,,,,,,,,,,,,,,,,,,,,,,,,
275,,,,,,,,,,,,,,,,,,,,,,,,,
276,,,,,,,,,,,,,,,,,,,,,,,,,
277,,,,,,,,,,,,,,,,,,,,,,,,,
278,,,,,,,,,,,,,,,,,,,,,,,,,
279,,,,,,,,,,,,,,,,,,,,,,,,,
280,,,,,,,,,,,,,,,,,,,,,,,,,
281,,,,,,,,,,,,,,,,,,,,,,,,,
282,,,,,,,,,,,,,,,,,,,,,,,,,
283,,,,,,,,,,,,,,,,,,,,,,,,,
284,,,,,,,,,,,,,,,,,,,,,,,,,
285,,,,,,,,,,,,,,,,,,,,,,,,,
286,,,,,,,,,,,,,,,,,,,,,,,,,
287,,,,,,,,,,,,,,,,,,,,,,,,,
288,,,,,,,,,,,,"[181, 350]",,,,,,,,,,,,,
289,,,,,,,,,,,,"[181, 350]",,,,,,,,,,,,,
290,,,,,,,,,,,,"[194, 338]",,,,,,,,,,,,,
291,,,,,,,,,,,,"[194, 338]",,,,,,,,,,,,,
292,,,,,,,,,,,,"[208, 326]",,,,,,,,,,,,,
293,,,,,,,,,,,,"[208, 326]",,,,,,,,,,,,,
294,,,,,,,,,,,,"[220, 315]",,,,,,,,,,,,,
295,,,,,,,,,,,,"[220, 315]",,,,,,,,,,,,,
296,,,,,,,,,,,,"[235, 301]",,,,,,,,,,,,,
297,,,,,,,,,,,,"[235, 301]",,,,,,,,,,,,,
298,,,,,,,,,,,,"[259, 283]",,,,,,,,,,,,,
299,,,,,,,,,,,,"[259, 284]",,,,,,,,,,,,,
300,,,,,,,,,,,,"[284, 268]",,,,,,,,,,,,,
301,,,,,,,,,,,,"[284, 268]",,,,,,,,,,,,,
302,,,,,,,,,,,,"[309, 253]",,,,,,,,,,,,,
303,,,,,,,,,,,,"[309, 253]",,,,,,,,,,,,,
304,,,,,,,,,,,,"[334, 240]",,,,,,,,,,,,,
305,,,,,,,,,,,,"[334, 240]",,,,,,,,,,,,,
306,,,,,,,,,,,,"[356, 227]",,,,,,,,,,,,,
307,,,,,,,,,,,,"[356, 227]",,,,,,,,,,,,,
308,,,,,,,,,,,,"[377, 216]",,,,,,,,,,,,,
309,,,,,,,,,,,,"[377, 216]",,,,,,,,,,,,,
310,,,,,,,,,,,,"[397, 206]",,,,,,,,,,,,,
311,,,,,,,,,,,,"[397, 206]",,,,,,,,,,,,,
312,,,,,,,,,,,,"[415, 196]",,,,,,,,,,,,,
313,,,,,,,,,,,,"[415, 196]",,,,,,,,,,,,,
314,,,,,,,,,,,,,,,,,,,,,,,,,
315,,,,,,,,,,,,,,,,,,,,,,,,,
316,,,,,,,,,,,,,,,,,,,,,,,,,
317,,,,,,,,,,,,,,,,,,,,,,,,,
318,,,,,,,,,,,,,,,,,,,,,,,,,
319,,,,,,,,,,,,,,,,,,,,,,,,,
320,,,,,,,,,,,,,,,,,,,,,,,,,
321,,,,,,,,,,,,,,,,,,,,,,,,,
322,,,,,,,,,,,,,,,,,,,,,,,,,
323,,,,,,,,,,,,,,,,,,,,,,,,,
324,,,,,,,,,,,,,,,,,,,,,,,,,
325,,,,,,,,,,,,,,,,,,,,,,,,,
326,,,,,,,,,,,,,,,,,,,,,,,,,
327,,,,,,,,,,,,,,,,,,,,,,,,,
328,,,,,,,,,,,,,,,,,,,,,,,,,
329,,,,,,,,,,,,,,,,,,,,,,,,,
330,,,,,,,,,,,,,,,,,,,,,,,,,
331,,,,,,,,,,,,,,,,,,,,,,,,,
332,,,,,,,,,,,,,,,,,,,,,,,,,
333,,,,,,,,,,,,,,,,,,,,,,,,,
334,,,,,,,,,,,,,,,,,,,,,,,,,
335,,,,,,,,,,,,,,,,,,,,,,,,,
336,,,,,,,,,,,,,,,,,,,,,,,,,
337,,,,,,,,,,,,,,,,,,,,,,,,,
338,,,,,,,,,,,,,,,,,,,,,,,,,
339,,,,,,,,,,,,,,,,,,,,,,,,,
340,,,,,,,,,,,,,,,,,,,,,,,,,
341,,,,,,,,,,,,,,,,,,,,,,,,,
342,,,,,,,,,,,,,,,,,,,,,,,,,
343,,,,,,,,,,,,,,,,,,,,,,,,,
344,,,,,,,,,,,,,,,,,,,,,,,,,
345,,,,,,,,,,,,,,,,,,,,,,,,,
346,,,,,,,,,,,,,,,,,,,,,,,,,
347,,,,,,,,,,,,,,,,,,,,,,,,,
348,,,,,,,,,,,,,,,,,,,,,,,,,
349,,,,,,,,,,,,,,,,,,,,,,,,,
350,,,,,,,,,,,,,,,,,,,,,,,,,
351,,,,,,,,,,,,,,,,,,,,,,,,,
352,,,,,,,,,,,,,"[187, 352]",,,,,,,,,,,,
353,,,,,,,,,,,,,"[187, 352]",,,,,,,,,,,,
354,,,,,,,,,,,,,"[201, 338]",,,,,,,,,,,,
355,,,,,,,,,,,,,"[200, 339]",,,,,,,,,,,,
356,,,,,,,,,,,,,"[215, 326]",,,,,,,,,,,,
357,,,,,,,,,,,,,"[215, 326]",,,,,,,,,,,,
358,,,,,,,,,,,,,"[237, 310]",,,,,,,,,,,,
359,,,,,,,,,,,,,"[237, 310]",,,,,,,,,,,,
360,,,,,,,,,,,,,"[266, 292]",,,,,,,,,,,,
361,,,,,,,,,,,,,"[266, 291]",,,,,,,,,,,,
362,,,,,,,,,,,,,"[295, 275]",,,,,,,,,,,,
363,,,,,,,,,,,,,"[295, 275]",,,,,,,,,,,,
364,,,,,,,,,,,,,"[322, 259]",,,,,,,,,,,,
365,,,,,,,,,,,,,"[322, 259]",,,,,,,,,,,,
366,,,,,,,,,,,,,"[345, 244]",,,,,,,,,,,,
367,,,,,,,,,,,,,"[345, 244]",,,,,,,,,,,,
368,,,,,,,,,,,,,"[368, 231]",,,,,,,,,,,,
369,,,,,,,,,,,,,"[368, 231]",,,,,,,,,,,,
370,,,,,,,,,,,,,"[390, 219]",,,,,,,,,,,,
371,,,,,,,,,,,,,"[390, 219]",,,,,,,,,,,,
372,,,,,,,,,,,,,"[410, 208]",,,,,,,,,,,,
373,,,,,,,,,,,,,"[410, 208]",,,,,,,,,,,,
374,,,,,,,,,,,,,"[427, 199]",,,,,,,,,,,,
375,,,,,,,,,,,,,"[427, 199]",,,,,,,,,,,,
376,,,,,,,,,,,,,,,,,,,,,,,,,
377,,,,,,,,,,,,,,,,,,,,,,,,,
378,,,,,,,,,,,,,,,,,,,,,,,,,
379,,,,,,,,,,,,,,,,,,,,,,,,,
380,,,,,,,,,,,,,,,,,,,,,,,,,
381,,,,,,,,,,,,,,,,,,,,,,,,,
382,,,,,,,,,,,,,,,,,,,,,,,,,
383,,,,,,,,,,,,,,,,,,,,,,,,,
384,,,,,,,,,,,,,,,,,,,,,,,,,
385,,,,,,,,,,,,,,,,,,,,,,,,,
386,,,,,,,,,,,,,,,,,,,,,,,,,
387,,,,,,,,,,,,,,,,,,,,,,,,,
388,,,,,,,,,,,,,,,,,,,,,,,,,
389,,,,,,,,,,,,,,,,,,,,,,,,,
390,,,,,,,,,,,,,,,,,,,,,,,,,
391,,,,,,,,,,,,,,,,,,,,,,,,,
392,,,,,,,,,,,,,,"[189, 358]",,,,,,,,,,,
393,,,,,,,,,,,,,,"[190, 357]",,,,,,,,,,,
394,,,,,,,,,,,,,,"[206, 341]",,,,,,,,,,,
395,,,,,,,,,,,,,,"[206, 341]",,,,,,,,,,,
396,,,,,,,,,,,,,,"[220, 330]",,,,,,,,,,,
397,,,,,,,,,,,,,,"[220, 330]",,,,,,,,,,,
398,,,,,,,,,,,,,,"[240, 312]",,,,,,,,,,,
399,,,,,,,,,,,,,,"[241, 313]",,,,,,,,,,,
400,,,,,,,,,,,,,,"[273, 293]",,,,,,,,,,,
401,,,,,,,,,,,,,,"[273, 293]",,,,,,,,,,,
402,,,,,,,,,,,,,,"[297, 274]",,,,,,,,,,,
403,,,,,,,,,,,,,,"[298, 274]",,,,,,,,,,,
404,,,,,,,,,,,,,,"[327, 258]",,,,,,,,,,,
405,,,,,,,,,,,,,,"[327, 258]",,,,,,,,,,,
406,,,,,,,,,,,,,,"[353, 243]",,,,,,,,,,,
407,,,,,,,,,,,,,,"[353, 243]",,,,,,,,,,,
408,,,,,,,,,,,,,,"[378, 229]",,,,,,,,,,,
409,,,,,,,,,,,,,,"[378, 229]",,,,,,,,,,,
410,,,,,,,,,,,,,,"[400, 216]",,,,,,,,,,,
411,,,,,,,,,,,,,,"[400, 216]",,,,,,,,,,,
412,,,,,,,,,,,,,,"[421, 206]",,,,,,,,,,,
413,,,,,,,,,,,,,,"[421, 206]",,,,,,,,,,,
414,,,,,,,,,,,,,,"[440, 195]",,,,,,,,,,,
415,,,,,,,,,,,,,,"[440, 195]",,,,,,,,,,,
416,,,,,,,,,,,,,,,,,,,,,,,,,
417,,,,,,,,,,,,,,,,,,,,,,,,,
418,,,,,,,,,,,,,,,,,,,,,,,,,
419,,,,,,,,,,,,,,,,,,,,,,,,,
420,,,,,,,,,,,,,,,,,,,,,,,,,
421,,,,,,,,,,,,,,,,,,,,,,,,,
422,,,,,,,,,,,,,,,,,,,,,,,,,
423,,,,,,,,,,,,,,,,,,,,,,,,,
424,,,,,,,,,,,,,,,,,,,,,,,,,
425,,,,,,,,,,,,,,,,,,,,,,,,,
426,,,,,,,,,,,,,,,,,,,,,,,,,
427,,,,,,,,,,,,,,,,,,,,,,,,,
428,,,,,,,,,,,,,,,,,,,,,,,,,
429,,,,,,,,,,,,,,,,,,,,,,,,,
430,,,,,,,,,,,,,,,,,,,,,,,,,
431,,,,,,,,,,,,,,,,,,,,,,,,,
432,,,,,,,,,,,,,,,,,,,,,,,,,
433,,,,,,,,,,,,,,,,,,,,,,,,,
434,,,,,,,,,,,,,,,,,,,,,,,,,
435,,,,,,,,,,,,,,,,,,,,,,,,,
436,,,,,,,,,,,,,,,,,,,,,,,,,
437,,,,,,,,,,,,,,,,,,,,,,,,,
438,,,,,,,,,,,,,,,,,,,,,,,,,
439,,,,,,,,,,,,,,,,,,,,,,,,,
440,,,,,,,,,,,,,,,,,,,,,,,,,
441,,,,,,,,,,,,,,,,,,,,,,,,,
442,,,,,,,,,,,,,,,,,,,,,,,,,
443,,,,,,,,,,,,,,,,,,,,,,,,,
444,,,,,,,,,,,,,,,,,,,,,,,,,
445,,,,,,,,,,,,,,,,,,,,,,,,,
446,,,,,,,,,,,,,,,,,,,,,,,,,
447,,,,,,,,,,,,,,,,,,,,,,,,,
448,,,,,,,,,,,,,,,"[181, 347]",,,,,,,,,,
449,,,,,,,,,,,,,,,"[181, 347]",,,,,,,,,,
450,,,,,,,,,,,,,,,"[196, 325]",,,,,,,,,,
451,,,,,,,,,,,,,,,"[195, 325]",,,,,,,,,,
452,,,,,,,,,,,,,,,"[212, 307]",,,,,,,,,,
453,,,,,,,,,,,,,,,"[212, 307]",,,,,,,,,,
454,,,,,,,,,,,,,,,"[232, 283]",,,,,,,,,,
455,,,,,,,,,,,,,,,"[232, 283]",,,,,,,,,,
456,,,,,,,,,,,,,,,"[255, 263]",,,,,,,,,,
457,,,,,,,,,,,,,,,"[255, 263]",,,,,,,,,,
458,,,,,,,,,,,,,,,"[285, 246]",,,,,,,,,,
459,,,,,,,,,,,,,,,"[285, 246]",,,,,,,,,,
460,,,,,,,,,,,,,,,"[313, 231]",,,,,,,,,,
461,,,,,,,,,,,,,,,"[313, 230]",,,,,,,,,,
462,,,,,,,,,,,,,,,"[341, 216]",,,,,,,,,,
463,,,,,,,,,,,,,,,"[341, 216]",,,,,,,,,,
464,,,,,,,,,,,,,,,"[366, 204]",,,,,,,,,,
465,,,,,,,,,,,,,,,"[366, 204]",,,,,,,,,,
466,,,,,,,,,,,,,,,"[388, 193]",,,,,,,,,,
467,,,,,,,,,,,,,,,"[388, 192]",,,,,,,,,,
468,,,,,,,,,,,,,,,,,,,,,,,,,
469,,,,,,,,,,,,,,,,,,,,,,,,,
470,,,,,,,,,,,,,,,,,,,,,,,,,
471,,,,,,,,,,,,,,,,,,,,,,,,,
472,,,,,,,,,,,,,,,,,,,,,,,,,
473,,,,,,,,,,,,,,,,,,,,,,,,,
474,,,,,,,,,,,,,,,,,,,,,,,,,
475,,,,,,,,,,,,,,,,,,,,,,,,,
476,,,,,,,,,,,,,,,,,,,,,,,,,
477,,,,,,,,,,,,,,,,,,,,,,,,,
478,,,,,,,,,,,,,,,,,,,,,,,,,
479,,,,,,,,,,,,,,,,,,,,,,,,,
480,,,,,,,,,,,,,,,,"[193, 249]",,,,,,,,,
481,,,,,,,,,,,,,,,,"[193, 249]",,,,,,,,,
482,,,,,,,,,,,,,,,,"[218, 235]",,,,,,,,,
483,,,,,,,,,,,,,,,,"[218, 235]",,,,,,,,,
484,,,,,,,,,,,,,,,,"[250, 219]",,,,,,,,,
485,,,,,,,,,,,,,,,,"[250, 219]",,,,,,,,,
486,,,,,,,,,,,,,,,,"[281, 204]",,,,,,,,,
487,,,,,,,,,,,,,,,,"[280, 204]",,,,,,,,,
488,,,,,,,,,,,,,,,,"[310, 192]",,,,,,,,,
489,,,,,,,,,,,,,,,,"[310, 192]",,,,,,,,,
490,,,,,,,,,,,,,,,,,,,,,,,,,
491,,,,,,,,,,,,,,,,,,,,,,,,,
492,,,,,,,,,,,,,,,,,,,,,,,,,
493,,,,,,,,,,,,,,,,,,,,,,,,,
494,,,,,,,,,,,,,,,,,,,,,,,,,
495,,,,,,,,,,,,,,,,,,,,,,,,,
496,,,,,,,,,,,,,,,,,,,,,,,,,
497,,,,,,,,,,,,,,,,,,,,,,,,,
498,,,,,,,,,,,,,,,,,,,,,,,,,
499,,,,,,,,,,,,,,,,,,,,,,,,,
500,,,,,,,,,,,,,,,,,,,,,,,,,
501,,,,,,,,,,,,,,,,,,,,,,,,,
502,,,,,,,,,,,,,,,,,,,,,,,,,
503,,,,,,,,,,,,,,,,,,,,,,,,,
504,,,,,,,,,,,,,,,,,,,,,,,,,
505,,,,,,,,,,,,,,,,,,,,,,,,,
506,,,,,,,,,,,,,,,,,,,,,,,,,
507,,,,,,,,,,,,,,,,,,,,,,,,,
508,,,,,,,,,,,,,,,,,,,,,,,,,
509,,,,,,,,,,,,,,,,,,,,,,,,,
510,,,,,,,,,,,,,,,,,,,,,,,,,
511,,,,,,,,,,,,,,,,,,,,,,,,,
512,,,,,,,,,,,,,,,,,,,,,,,,,
513,,,,,,,,,,,,,,,,,,,,,,,,,
514,,,,,,,,,,,,,,,,,,,,,,,,,
515,,,,,,,,,,,,,,,,,,,,,,,,,
516,,,,,,,,,,,,,,,,,,,,,,,,,
517,,,,,,,,,,,,,,,,,,,,,,,,,
518,,,,,,,,,,,,,,,,,,,,,,,,,
519,,,,,,,,,,,,,,,,,,,,,,,,,
520,,,,,,,,,,,,,,,,,,,,,,,,,
521,,,,,,,,,,,,,,,,,,,,,,,,,
522,,,,,,,,,,,,,,,,,,,,,,,,,
523,,,,,,,,,,,,,,,,,,,,,,,,,
524,,,,,,,,,,,,,,,,,,,,,,,,,
525,,,,,,,,,,,,,,,,,,,,,,,,,
526,,,,,,,,,,,,,,,,,,,,,,,,,
527,,,,,,,,,,,,,,,,,,,,,,,,,
528,,,,,,,,,,,,,,,,,,,,,,,,,
529,,,,,,,,,,,,,,,,,,,,,,,,,
530,,,,,,,,,,,,,,,,,,,,,,,,,
531,,,,,,,,,,,,,,,,,,,,,,,,,
532,,,,,,,,,,,,,,,,,,,,,,,,,
533,,,,,,,,,,,,,,,,,,,,,,,,,
534,,,,,,,,,,,,,,,,,,,,,,,,,
535,,,,,,,,,,,,,,,,,,,,,,,,,
536,,,,,,,,,,,,,,,,,,,,,,,,,
537,,,,,,,,,,,,,,,,,,,,,,,,,
538,,,,,,,,,,,,,,,,,,,,,,,,,
539,,,,,,,,,,,,,,,,,,,,,,,,,
540,,,,,,,,,,,,,,,,,,,,,,,,,
541,,,,,,,,,,,,,,,,,,,,,,,,,
542,,,,,,,,,,,,,,,,,,,,,,,,,
543,,,,,,,,,,,,,,,,,,,,,,,,,
544,,,,,,,,,,,,,,,,,"[185, 347]",,,,,,,,
545,,,,,,,,,,,,,,,,,"[185, 347]",,,,,,,,
546,,,,,,,,,,,,,,,,,"[201, 328]",,,,,,,,
547,,,,,,,,,,,,,,,,,"[201, 328]",,,,,,,,
548,,,,,,,,,,,,,,,,,"[216, 316]",,,,,,,,
549,,,,,,,,,,,,,,,,,"[216, 316]",,,,,,,,
550,,,,,,,,,,,,,,,,,"[229, 304]",,,,,,,,
551,,,,,,,,,,,,,,,,,"[229, 304]",,,,,,,,
552,,,,,,,,,,,,,,,,,"[248, 289]",,,,,,,,
553,,,,,,,,,,,,,,,,,"[248, 289]",,,,,,,,
554,,,,,,,,,,,,,,,,,"[277, 272]",,,,,,,,
555,,,,,,,,,,,,,,,,,"[277, 272]",,,,,,,,
556,,,,,,,,,,,,,,,,,"[304, 255]",,,,,,,,
557,,,,,,,,,,,,,,,,,"[304, 255]",,,,,,,,
558,,,,,,,,,,,,,,,,,"[330, 240]",,,,,,,,
559,,,,,,,,,,,,,,,,,"[331, 240]",,,,,,,,
560,,,,,,,,,,,,,,,,,"[355, 227]",,,,,,,,
561,,,,,,,,,,,,,,,,,"[355, 226]",,,,,,,,
562,,,,,,,,,,,,,,,,,"[378, 214]",,,,,,,,
563,,,,,,,,,,,,,,,,,"[378, 214]",,,,,,,,
564,,,,,,,,,,,,,,,,,"[399, 203]",,,,,,,,
565,,,,,,,,,,,,,,,,,"[399, 203]",,,,,,,,
566,,,,,,,,,,,,,,,,,"[418, 194]",,,,,,,,
567,,,,,,,,,,,,,,,,,"[418, 194]",,,,,,,,
568,,,,,,,,,,,,,,,,,,,,,,,,,
569,,,,,,,,,,,,,,,,,,,,,,,,,
570,,,,,,,,,,,,,,,,,,,,,,,,,
571,,,,,,,,,,,,,,,,,,,,,,,,,
572,,,,,,,,,,,,,,,,,,,,,,,,,
573,,,,,,,,,,,,,,,,,,,,,,,,,
574,,,,,,,,,,,,,,,,,,,,,,,,,
575,,,,,,,,,,,,,,,,,,,,,,,,,
576,,,,,,,,,,,,,,,,,,,,,,,,,
577,,,,,,,,,,,,,,,,,,,,,,,,,
578,,,,,,,,,,,,,,,,,,,,,,,,,
579,,,,,,,,,,,,,,,,,,,,,,,,,
580,,,,,,,,,,,,,,,,,,,,,,,,,
581,,,,,,,,,,,,,,,,,,,,,,,,,
582,,,,,,,,,,,,,,,,,,,,,,,,,
583,,,,,,,,,,,,,,,,,,,,,,,,,
584,,,,,,,,,,,,,,,,,,,,,,,,,
585,,,,,,,,,,,,,,,,,,,,,,,,,
586,,,,,,,,,,,,,,,,,,,,,,,,,
587,,,,,,,,,,,,,,,,,,,,,,,,,
588,,,,,,,,,,,,,,,,,,,,,,,,,
589,,,,,,,,,,,,,,,,,,,,,,,,,
590,,,,,,,,,,,,,,,,,,,,,,,,,
591,,,,,,,,,,,,,,,,,,,,,,,,,
592,,,,,,,,,,,,,,,,,,,,,,,,,
593,,,,,,,,,,,,,,,,,,,,,,,,,
594,,,,,,,,,,,,,,,,,,"[176, 359]",,,,,,,
595,,,,,,,,,,,,,,,,,,"[176, 359]",,,,,,,
596,,,,,,,,,,,,,,,,,,"[193, 345]",,,,,,,
597,,,,,,,,,,,,,,,,,,"[193, 345]",,,,,,,
598,,,,,,,,,,,,,,,,,,"[207, 331]",,,,,,,
599,,,,,,,,,,,,,,,,,,"[207, 331]",,,,,,,
600,,,,,,,,,,,,,,,,,,"[224, 315]",,,,,,,
601,,,,,,,,,,,,,,,,,,"[224, 315]",,,,,,,
602,,,,,,,,,,,,,,,,,,"[255, 295]",,,,,,,
603,,,,,,,,,,,,,,,,,,"[255, 295]",,,,,,,
604,,,,,,,,,,,,,,,,,,"[286, 276]",,,,,,,
605,,,,,,,,,,,,,,,,,,"[285, 276]",,,,,,,
606,,,,,,,,,,,,,,,,,,"[315, 258]",,,,,,,
607,,,,,,,,,,,,,,,,,,"[315, 258]",,,,,,,
608,,,,,,,,,,,,,,,,,,"[344, 243]",,,,,,,
609,,,,,,,,,,,,,,,,,,"[344, 243]",,,,,,,
610,,,,,,,,,,,,,,,,,,"[367, 227]",,,,,,,
611,,,,,,,,,,,,,,,,,,"[367, 227]",,,,,,,
612,,,,,,,,,,,,,,,,,,"[391, 214]",,,,,,,
613,,,,,,,,,,,,,,,,,,"[391, 214]",,,,,,,
614,,,,,,,,,,,,,,,,,,"[417, 204]",,,,,,,
615,,,,,,,,,,,,,,,,,,"[417, 203]",,,,,,,
616,,,,,,,,,,,,,,,,,,"[436, 194]",,,,,,,
617,,,,,,,,,,,,,,,,,,"[436, 194]",,,,,,,
618,,,,,,,,,,,,,,,,,,,,,,,,,
619,,,,,,,,,,,,,,,,,,,,,,,,,
620,,,,,,,,,,,,,,,,,,,,,,,,,
621,,,,,,,,,,,,,,,,,,,,,,,,,
622,,,,,,,,,,,,,,,,,,,,,,,,,
623,,,,,,,,,,,,,,,,,,,,,,,,,
624,,,,,,,,,,,,,,,,,,,,,,,,,
625,,,,,,,,,,,,,,,,,,,,,,,,,
626,,,,,,,,,,,,,,,,,,,,,,,,,
627,,,,,,,,,,,,,,,,,,,,,,,,,
628,,,,,,,,,,,,,,,,,,,,,,,,,
629,,,,,,,,,,,,,,,,,,,,,,,,,
630,,,,,,,,,,,,,,,,,,,,,,,,,
631,,,,,,,,,,,,,,,,,,,,,,,,,
632,,,,,,,,,,,,,,,,,,,,,,,,,
633,,,,,,,,,,,,,,,,,,,,,,,,,
634,,,,,,,,,,,,,,,,,,,,,,,,,
635,,,,,,,,,,,,,,,,,,,,,,,,,
636,,,,,,,,,,,,,,,,,,,,,,,,,
637,,,,,,,,,,,,,,,,,,,,,,,,,
638,,,,,,,,,,,,,,,,,,,,,,,,,
639,,,,,,,,,,,,,,,,,,,,,,,,,
640,,,,,,,,,,,,,,,,,,,,,,,,,
641,,,,,,,,,,,,,,,,,,,,,,,,,
642,,,,,,,,,,,,,,,,,,,"[191, 344]",,,,,,
643,,,,,,,,,,,,,,,,,,,"[191, 344]",,,,,,
644,,,,,,,,,,,,,,,,,,,"[206, 335]",,,,,,
645,,,,,,,,,,,,,,,,,,,"[206, 335]",,,,,,
646,,,,,,,,,,,,,,,,,,,"[228, 320]",,,,,,
647,,,,,,,,,,,,,,,,,,,"[228, 320]",,,,,,
648,,,,,,,,,,,,,,,,,,,"[257, 299]",,,,,,
649,,,,,,,,,,,,,,,,,,,"[257, 299]",,,,,,
650,,,,,,,,,,,,,,,,,,,"[287, 279]",,,,,,
651,,,,,,,,,,,,,,,,,,,"[287, 277]",,,,,,
652,,,,,,,,,,,,,,,,,,,"[318, 260]",,,,,,
653,,,,,,,,,,,,,,,,,,,"[318, 260]",,,,,,
654,,,,,,,,,,,,,,,,,,,"[348, 244]",,,,,,
655,,,,,,,,,,,,,,,,,,,"[348, 244]",,,,,,
656,,,,,,,,,,,,,,,,,,,"[376, 228]",,,,,,
657,,,,,,,,,,,,,,,,,,,"[376, 228]",,,,,,
658,,,,,,,,,,,,,,,,,,,"[399, 217]",,,,,,
659,,,,,,,,,,,,,,,,,,,"[399, 217]",,,,,,
660,,,,,,,,,,,,,,,,,,,"[418, 204]",,,,,,
661,,,,,,,,,,,,,,,,,,,"[418, 204]",,,,,,
662,,,,,,,,,,,,,,,,,,,,,,,,,
663,,,,,,,,,,,,,,,,,,,,,,,,,
664,,,,,,,,,,,,,,,,,,,,,,,,,
665,,,,,,,,,,,,,,,,,,,,,,,,,
666,,,,,,,,,,,,,,,,,,,,,,,,,
667,,,,,,,,,,,,,,,,,,,,,,,,,
668,,,,,,,,,,,,,,,,,,,,,,,,,
669,,,,,,,,,,,,,,,,,,,,,,,,,
670,,,,,,,,,,,,,,,,,,,,,,,,,
671,,,,,,,,,,,,,,,,,,,,,,,,,
672,,,,,,,,,,,,,,,,,,,,,,,,,
673,,,,,,,,,,,,,,,,,,,,,,,,,
674,,,,,,,,,,,,,,,,,,,,,,,,,
675,,,,,,,,,,,,,,,,,,,,,,,,,
676,,,,,,,,,,,,,,,,,,,,,,,,,
677,,,,,,,,,,,,,,,,,,,,,,,,,
678,,,,,,,,,,,,,,,,,,,,,,,,,
679,,,,,,,,,,,,,,,,,,,,,,,,,
680,,,,,,,,,,,,,,,,,,,,,,,,,
681,,,,,,,,,,,,,,,,,,,,,,,,,
682,,,,,,,,,,,,,,,,,,,,,,,,,
683,,,,,,,,,,,,,,,,,,,,,,,,,
684,,,,,,,,,,,,,,,,,,,,,,,,,
685,,,,,,,,,,,,,,,,,,,,,,,,,
686,,,,,,,,,,,,,,,,,,,,,,,,,
687,,,,,,,,,,,,,,,,,,,,,,,,,
688,,,,,,,,,,,,,,,,,,,,,,,,,
689,,,,,,,,,,,,,,,,,,,,,,,,,
690,,,,,,,,,,,,,,,,,,,,,,,,,
691,,,,,,,,,,,,,,,,,,,,,,,,,
692,,,,,,,,,,,,,,,,,,,,,,,,,
693,,,,,,,,,,,,,,,,,,,,,,,,,
694,,,,,,,,,,,,,,,,,,,,,,,,,
695,,,,,,,,,,,,,,,,,,,,,,,,,
696,,,,,,,,,,,,,,,,,,,,,,,,,
697,,,,,,,,,,,,,,,,,,,,,,,,,
698,,,,,,,,,,,,,,,,,,,,,,,,,
699,,,,,,,,,,,,,,,,,,,,,,,,,
700,,,,,,,,,,,,,,,,,,,,,,,,,
701,,,,,,,,,,,,,,,,,,,,,,,,,
702,,,,,,,,,,,,,,,,,,,,,,,,,
703,,,,,,,,,,,,,,,,,,,,,,,,,
704,,,,,,,,,,,,,,,,,,,,,,,,,
705,,,,,,,,,,,,,,,,,,,,,,,,,
706,,,,,,,,,,,,,,,,,,,,,,,,,
707,,,,,,,,,,,,,,,,,,,,,,,,,
708,,,,,,,,,,,,,,,,,,,,,,,,,
709,,,,,,,,,,,,,,,,,,,,,,,,,
710,,,,,,,,,,,,,,,,,,,,,,,,,
711,,,,,,,,,,,,,,,,,,,,,,,,,
712,,,,,,,,,,,,,,,,,,,,,,,,,
713,,,,,,,,,,,,,,,,,,,,,,,,,
714,,,,,,,,,,,,,,,,,,,,,,,,,
715,,,,,,,,,,,,,,,,,,,,,,,,,
716,,,,,,,,,,,,,,,,,,,,,,,,,
717,,,,,,,,,,,,,,,,,,,,,,,,,
718,,,,,,,,,,,,,,,,,,,,,,,,,
719,,,,,,,,,,,,,,,,,,,,,,,,,
720,,,,,,,,,,,,,,,,,,,,,,,,,
721,,,,,,,,,,,,,,,,,,,,,,,,,
722,,,,,,,,,,,,,,,,,,,,"[186, 356]",,,,,
723,,,,,,,,,,,,,,,,,,,,"[186, 356]",,,,,
724,,,,,,,,,,,,,,,,,,,,"[203, 340]",,,,,
725,,,,,,,,,,,,,,,,,,,,"[203, 340]",,,,,
726,,,,,,,,,,,,,,,,,,,,"[225, 322]",,,,,
727,,,,,,,,,,,,,,,,,,,,"[225, 322]",,,,,
728,,,,,,,,,,,,,,,,,,,,"[260, 298]",,,,,
729,,,,,,,,,,,,,,,,,,,,"[260, 298]",,,,,
730,,,,,,,,,,,,,,,,,,,,"[298, 276]",,,,,
731,,,,,,,,,,,,,,,,,,,,"[298, 276]",,,,,
732,,,,,,,,,,,,,,,,,,,,"[331, 256]",,,,,
733,,,,,,,,,,,,,,,,,,,,"[331, 256]",,,,,
734,,,,,,,,,,,,,,,,,,,,"[363, 237]",,,,,
735,,,,,,,,,,,,,,,,,,,,"[363, 237]",,,,,
736,,,,,,,,,,,,,,,,,,,,"[391, 221]",,,,,
737,,,,,,,,,,,,,,,,,,,,"[391, 221]",,,,,
738,,,,,,,,,,,,,,,,,,,,"[417, 207]",,,,,
739,,,,,,,,,,,,,,,,,,,,"[417, 207]",,,,,
740,,,,,,,,,,,,,,,,,,,,"[440, 195]",,,,,
741,,,,,,,,,,,,,,,,,,,,"[440, 195]",,,,,
742,,,,,,,,,,,,,,,,,,,,,,,,,
743,,,,,,,,,,,,,,,,,,,,,,,,,
744,,,,,,,,,,,,,,,,,,,,,,,,,
745,,,,,,,,,,,,,,,,,,,,,,,,,
746,,,,,,,,,,,,,,,,,,,,,,,,,
747,,,,,,,,,,,,,,,,,,,,,,,,,
748,,,,,,,,,,,,,,,,,,,,,,,,,
749,,,,,,,,,,,,,,,,,,,,,,,,,
750,,,,,,,,,,,,,,,,,,,,,,,,,
751,,,,,,,,,,,,,,,,,,,,,,,,,
752,,,,,,,,,,,,,,,,,,,,,,,,,
753,,,,,,,,,,,,,,,,,,,,,,,,,
754,,,,,,,,,,,,,,,,,,,,,,,,,
755,,,,,,,,,,,,,,,,,,,,,,,,,
756,,,,,,,,,,,,,,,,,,,,,,,,,
757,,,,,,,,,,,,,,,,,,,,,,,,,
758,,,,,,,,,,,,,,,,,,,,,,,,,
759,,,,,,,,,,,,,,,,,,,,,,,,,
760,,,,,,,,,,,,,,,,,,,,,,,,,
761,,,,,,,,,,,,,,,,,,,,,,,,,
762,,,,,,,,,,,,,,,,,,,,,,,,,
763,,,,,,,,,,,,,,,,,,,,,,,,,
764,,,,,,,,,,,,,,,,,,,,,,,,,
765,,,,,,,,,,,,,,,,,,,,,,,,,
766,,,,,,,,,,,,,,,,,,,,,,,,,
767,,,,,,,,,,,,,,,,,,,,,,,,,
768,,,,,,,,,,,,,,,,,,,,,,,,,
769,,,,,,,,,,,,,,,,,,,,,,,,,
770,,,,,,,,,,,,,,,,,,,,,,,,,
771,,,,,,,,,,,,,,,,,,,,,,,,,
772,,,,,,,,,,,,,,,,,,,,,,,,,
773,,,,,,,,,,,,,,,,,,,,,,,,,
774,,,,,,,,,,,,,,,,,,,,,,,,,
775,,,,,,,,,,,,,,,,,,,,,,,,,
776,,,,,,,,,,,,,,,,,,,,,,,,,
777,,,,,,,,,,,,,,,,,,,,,,,,,
778,,,,,,,,,,,,,,,,,,,,,"[180, 369]",,,,
779,,,,,,,,,,,,,,,,,,,,,"[180, 369]",,,,
780,,,,,,,,,,,,,,,,,,,,,"[198, 354]",,,,
781,,,,,,,,,,,,,,,,,,,,,"[198, 354]",,,,
782,,,,,,,,,,,,,,,,,,,,,"[215, 340]",,,,
783,,,,,,,,,,,,,,,,,,,,,"[215, 340]",,,,
784,,,,,,,,,,,,,,,,,,,,,"[242, 321]",,,,
785,,,,,,,,,,,,,,,,,,,,,"[242, 321]",,,,
786,,,,,,,,,,,,,,,,,,,,,"[275, 298]",,,,
787,,,,,,,,,,,,,,,,,,,,,"[275, 298]",,,,
788,,,,,,,,,,,,,,,,,,,,,"[308, 277]",,,,
789,,,,,,,,,,,,,,,,,,,,,"[308, 277]",,,,
790,,,,,,,,,,,,,,,,,,,,,"[337, 257]",,,,
791,,,,,,,,,,,,,,,,,,,,,"[337, 257]",,,,
792,,,,,,,,,,,,,,,,,,,,,"[364, 240]",,,,
793,,,,,,,,,,,,,,,,,,,,,"[364, 240]",,,,
794,,,,,,,,,,,,,,,,,,,,,"[390, 225]",,,,
795,,,,,,,,,,,,,,,,,,,,,"[390, 225]",,,,
796,,,,,,,,,,,,,,,,,,,,,"[414, 211]",,,,
797,,,,,,,,,,,,,,,,,,,,,"[414, 211]",,,,
798,,,,,,,,,,,,,,,,,,,,,"[435, 199]",,,,
799,,,,,,,,,,,,,,,,,,,,,"[435, 199]",,,,
800,,,,,,,,,,,,,,,,,,,,,,,,,
801,,,,,,,,,,,,,,,,,,,,,,,,,
802,,,,,,,,,,,,,,,,,,,,,,,,,
803,,,,,,,,,,,,,,,,,,,,,,,,,
804,,,,,,,,,,,,,,,,,,,,,,,,,
805,,,,,,,,,,,,,,,,,,,,,,,,,
806,,,,,,,,,,,,,,,,,,,,,,,,,
807,,,,,,,,,,,,,,,,,,,,,,,,,
808,,,,,,,,,,,,,,,,,,,,,,,,,
809,,,,,,,,,,,,,,,,,,,,,,,,,
810,,,,,,,,,,,,,,,,,,,,,,,,,
811,,,,,,,,,,,,,,,,,,,,,,,,,
812,,,,,,,,,,,,,,,,,,,,,,,,,
813,,,,,,,,,,,,,,,,,,,,,,,,,
814,,,,,,,,,,,,,,,,,,,,,,,,,
815,,,,,,,,,,,,,,,,,,,,,,,,,
816,,,,,,,,,,,,,,,,,,,,,,,,,
817,,,,,,,,,,,,,,,,,,,,,,,,,
818,,,,,,,,,,,,,,,,,,,,,,,,,
819,,,,,,,,,,,,,,,,,,,,,,,,,
820,,,,,,,,,,,,,,,,,,,,,,,,,
821,,,,,,,,,,,,,,,,,,,,,,,,,
822,,,,,,,,,,,,,,,,,,,,,,,,,
823,,,,,,,,,,,,,,,,,,,,,,,,,
824,,,,,,,,,,,,,,,,,,,,,,,,,
825,,,,,,,,,,,,,,,,,,,,,,,,,
826,,,,,,,,,,,,,,,,,,,,,,,,,
827,,,,,,,,,,,,,,,,,,,,,,,,,
828,,,,,,,,,,,,,,,,,,,,,,,,,
829,,,,,,,,,,,,,,,,,,,,,,,,,
830,,,,,,,,,,,,,,,,,,,,,,,,,
831,,,,,,,,,,,,,,,,,,,,,,,,,
832,,,,,,,,,,,,,,,,,,,,,,,,,
833,,,,,,,,,,,,,,,,,,,,,,,,,
834,,,,,,,,,,,,,,,,,,,,,,,,,
835,,,,,,,,,,,,,,,,,,,,,,,,,
836,,,,,,,,,,,,,,,,,,,,,,,,,
837,,,,,,,,,,,,,,,,,,,,,,,,,
838,,,,,,,,,,,,,,,,,,,,,,,,,
839,,,,,,,,,,,,,,,,,,,,,,,,,
840,,,,,,,,,,,,,,,,,,,,,,,,,
841,,,,,,,,,,,,,,,,,,,,,,,,,
842,,,,,,,,,,,,,,,,,,,,,,,,,
843,,,,,,,,,,,,,,,,,,,,,,,,,
844,,,,,,,,,,,,,,,,,,,,,,,,,
845,,,,,,,,,,,,,,,,,,,,,,,,,
846,,,,,,,,,,,,,,,,,,,,,,,,,
847,,,,,,,,,,,,,,,,,,,,,,,,,
848,,,,,,,,,,,,,,,,,,,,,,,,,
849,,,,,,,,,,,,,,,,,,,,,,,,,
850,,,,,,,,,,,,,,,,,,,,,,,,,
851,,,,,,,,,,,,,,,,,,,,,,,,,
852,,,,,,,,,,,,,,,,,,,,,,,,,
853,,,,,,,,,,,,,,,,,,,,,,,,,
854,,,,,,,,,,,,,,,,,,,,,,,,,
855,,,,,,,,,,,,,,,,,,,,,,,,,
856,,,,,,,,,,,,,,,,,,,,,,,,,
857,,,,,,,,,,,,,,,,,,,,,,,,,
858,,,,,,,,,,,,,,,,,,,,,,"[185, 345]",,,
859,,,,,,,,,,,,,,,,,,,,,,"[185, 344]",,,
860,,,,,,,,,,,,,,,,,,,,,,"[203, 329]",,,
861,,,,,,,,,,,,,,,,,,,,,,"[203, 329]",,,
862,,,,,,,,,,,,,,,,,,,,,,"[222, 315]",,,
863,,,,,,,,,,,,,,,,,,,,,,"[222, 315]",,,
864,,,,,,,,,,,,,,,,,,,,,,"[239, 302]",,,
865,,,,,,,,,,,,,,,,,,,,,,"[239, 302]",,,
866,,,,,,,,,,,,,,,,,,,,,,"[270, 281]",,,
867,,,,,,,,,,,,,,,,,,,,,,"[270, 281]",,,
868,,,,,,,,,,,,,,,,,,,,,,"[300, 260]",,,
869,,,,,,,,,,,,,,,,,,,,,,"[300, 260]",,,
870,,,,,,,,,,,,,,,,,,,,,,"[333, 241]",,,
871,,,,,,,,,,,,,,,,,,,,,,"[333, 242]",,,
872,,,,,,,,,,,,,,,,,,,,,,"[364, 225]",,,
873,,,,,,,,,,,,,,,,,,,,,,"[364, 225]",,,
874,,,,,,,,,,,,,,,,,,,,,,"[391, 211]",,,
875,,,,,,,,,,,,,,,,,,,,,,"[391, 211]",,,
876,,,,,,,,,,,,,,,,,,,,,,"[414, 200]",,,
877,,,,,,,,,,,,,,,,,,,,,,"[414, 200]",,,
878,,,,,,,,,,,,,,,,,,,,,,,,,
879,,,,,,,,,,,,,,,,,,,,,,,,,
880,,,,,,,,,,,,,,,,,,,,,,,,,
881,,,,,,,,,,,,,,,,,,,,,,,,,
882,,,,,,,,,,,,,,,,,,,,,,,,,
883,,,,,,,,,,,,,,,,,,,,,,,,,
884,,,,,,,,,,,,,,,,,,,,,,,,,
885,,,,,,,,,,,,,,,,,,,,,,,,,
886,,,,,,,,,,,,,,,,,,,,,,,,,
887,,,,,,,,,,,,,,,,,,,,,,,,,
888,,,,,,,,,,,,,,,,,,,,,,,,,
889,,,,,,,,,,,,,,,,,,,,,,,,,
890,,,,,,,,,,,,,,,,,,,,,,,,,
891,,,,,,,,,,,,,,,,,,,,,,,,,
892,,,,,,,,,,,,,,,,,,,,,,,,,
893,,,,,,,,,,,,,,,,,,,,,,,,,
894,,,,,,,,,,,,,,,,,,,,,,,,,
895,,,,,,,,,,,,,,,,,,,,,,,,,
896,,,,,,,,,,,,,,,,,,,,,,,,,
897,,,,,,,,,,,,,,,,,,,,,,,,,
898,,,,,,,,,,,,,,,,,,,,,,,,,
899,,,,,,,,,,,,,,,,,,,,,,,,,
900,,,,,,,,,,,,,,,,,,,,,,,,,
901,,,,,,,,,,,,,,,,,,,,,,,,,
902,,,,,,,,,,,,,,,,,,,,,,,,,
903,,,,,,,,,,,,,,,,,,,,,,,,,
904,,,,,,,,,,,,,,,,,,,,,,,,,
905,,,,,,,,,,,,,,,,,,,,,,,,,
906,,,,,,,,,,,,,,,,,,,,,,,,,
907,,,,,,,,,,,,,,,,,,,,,,,,,
908,,,,,,,,,,,,,,,,,,,,,,,,,
909,,,,,,,,,,,,,,,,,,,,,,,,,
910,,,,,,,,,,,,,,,,,,,,,,,,,
911,,,,,,,,,,,,,,,,,,,,,,,,,
912,,,,,,,,,,,,,,,,,,,,,,,,,
913,,,,,,,,,,,,,,,,,,,,,,,,,
914,,,,,,,,,,,,,,,,,,,,,,,,,
915,,,,,,,,,,,,,,,,,,,,,,,,,
916,,,,,,,,,,,,,,,,,,,,,,,,,
917,,,,,,,,,,,,,,,,,,,,,,,,,
918,,,,,,,,,,,,,,,,,,,,,,,,,
919,,,,,,,,,,,,,,,,,,,,,,,,,
920,,,,,,,,,,,,,,,,,,,,,,,,,
921,,,,,,,,,,,,,,,,,,,,,,,,,
922,,,,,,,,,,,,,,,,,,,,,,,,,
923,,,,,,,,,,,,,,,,,,,,,,,,,
924,,,,,,,,,,,,,,,,,,,,,,,"[180, 361]",,
925,,,,,,,,,,,,,,,,,,,,,,,"[180, 361]",,
926,,,,,,,,,,,,,,,,,,,,,,,"[187, 349]",,
927,,,,,,,,,,,,,,,,,,,,,,,"[187, 349]",,
928,,,,,,,,,,,,,,,,,,,,,,,"[203, 332]",,
929,,,,,,,,,,,,,,,,,,,,,,,"[203, 332]",,
930,,,,,,,,,,,,,,,,,,,,,,,"[226, 312]",,
931,,,,,,,,,,,,,,,,,,,,,,,"[226, 312]",,
932,,,,,,,,,,,,,,,,,,,,,,,"[245, 296]",,
933,,,,,,,,,,,,,,,,,,,,,,,"[245, 296]",,
934,,,,,,,,,,,,,,,,,,,,,,,"[275, 276]",,
935,,,,,,,,,,,,,,,,,,,,,,,"[275, 276]",,
936,,,,,,,,,,,,,,,,,,,,,,,"[307, 257]",,
937,,,,,,,,,,,,,,,,,,,,,,,"[307, 257]",,
938,,,,,,,,,,,,,,,,,,,,,,,"[338, 240]",,
939,,,,,,,,,,,,,,,,,,,,,,,"[338, 239]",,
940,,,,,,,,,,,,,,,,,,,,,,,"[367, 224]",,
941,,,,,,,,,,,,,,,,,,,,,,,"[368, 223]",,
942,,,,,,,,,,,,,,,,,,,,,,,"[381, 216]",,
943,,,,,,,,,,,,,,,,,,,,,,,"[381, 216]",,
944,,,,,,,,,,,,,,,,,,,,,,,"[418, 197]",,
945,,,,,,,,,,,,,,,,,,,,,,,"[418, 197]",,
946,,,,,,,,,,,,,,,,,,,,,,,"[430, 191]",,
947,,,,,,,,,,,,,,,,,,,,,,,"[430, 191]",,
948,,,,,,,,,,,,,,,,,,,,,,,,,
949,,,,,,,,,,,,,,,,,,,,,,,,,
950,,,,,,,,,,,,,,,,,,,,,,,,,
951,,,,,,,,,,,,,,,,,,,,,,,,,
952,,,,,,,,,,,,,,,,,,,,,,,,,
953,,,,,,,,,,,,,,,,,,,,,,,,,
954,,,,,,,,,,,,,,,,,,,,,,,,,
955,,,,,,,,,,,,,,,,,,,,,,,,,
956,,,,,,,,,,,,,,,,,,,,,,,,,
957,,,,,,,,,,,,,,,,,,,,,,,,,
958,,,,,,,,,,,,,,,,,,,,,,,,,
959,,,,,,,,,,,,,,,,,,,,,,,,,
960,,,,,,,,,,,,,,,,,,,,,,,,,
961,,,,,,,,,,,,,,,,,,,,,,,,,
962,,,,,,,,,,,,,,,,,,,,,,,,,
963,,,,,,,,,,,,,,,,,,,,,,,,,
964,,,,,,,,,,,,,,,,,,,,,,,,,
965,,,,,,,,,,,,,,,,,,,,,,,,,
966,,,,,,,,,,,,,,,,,,,,,,,,,
967,,,,,,,,,,,,,,,,,,,,,,,,,
968,,,,,,,,,,,,,,,,,,,,,,,,,
969,,,,,,,,,,,,,,,,,,,,,,,,,
970,,,,,,,,,,,,,,,,,,,,,,,,,
971,,,,,,,,,,,,,,,,,,,,,,,,,
972,,,,,,,,,,,,,,,,,,,,,,,,,
973,,,,,,,,,,,,,,,,,,,,,,,,,
974,,,,,,,,,,,,,,,,,,,,,,,,,
975,,,,,,,,,,,,,,,,,,,,,,,,,
976,,,,,,,,,,,,,,,,,,,,,,,,,
977,,,,,,,,,,,,,,,,,,,,,,,,,
978,,,,,,,,,,,,,,,,,,,,,,,,,
979,,,,,,,,,,,,,,,,,,,,,,,,,
980,,,,,,,,,,,,,,,,,,,,,,,,,
981,,,,,,,,,,,,,,,,,,,,,,,,,
982,,,,,,,,,,,,,,,,,,,,,,,,,
983,,,,,,,,,,,,,,,,,,,,,,,,,
984,,,,,,,,,,,,,,,,,,,,,,,,,
985,,,,,,,,,,,,,,,,,,,,,,,,,
986,,,,,,,,,,,,,,,,,,,,,,,,,
987,,,,,,,,,,,,,,,,,,,,,,,,,
988,,,,,,,,,,,,,,,,,,,,,,,,,
989,,,,,,,,,,,,,,,,,,,,,,,,,
990,,,,,,,,,,,,,,,,,,,,,,,,,
991,,,,,,,,,,,,,,,,,,,,,,,,,
992,,,,,,,,,,,,,,,,,,,,,,,,,
993,,,,,,,,,,,,,,,,,,,,,,,,,
994,,,,,,,,,,,,,,,,,,,,,,,,,
995,,,,,,,,,,,,,,,,,,,,,,,,,
996,,,,,,,,,,,,,,,,,,,,,,,,,
997,,,,,,,,,,,,,,,,,,,,,,,,,
998,,,,,,,,,,,,,,,,,,,,,,,,,
999,,,,,,,,,,,,,,,,,,,,,,,,,
1000,,,,,,,,,,,,,,,,,,,,,,,,,
1001,,,,,,,,,,,,,,,,,,,,,,,,,
1002,,,,,,,,,,,,,,,,,,,,,,,,"[182, 374]",
1003,,,,,,,,,,,,,,,,,,,,,,,,"[186, 367]",
1004,,,,,,,,,,,,,,,,,,,,,,,,"[206, 349]",
1005,,,,,,,,,,,,,,,,,,,,,,,,"[215, 330]",
1006,,,,,,,,,,,,,,,,,,,,,,,,"[226, 319]",
1007,,,,,,,,,,,,,,,,,,,,,,,,"[226, 318]",
1008,,,,,,,,,,,,,,,,,,,,,,,,"[260, 307]",
1009,,,,,,,,,,,,,,,,,,,,,,,,"[260, 307]",
1010,,,,,,,,,,,,,,,,,,,,,,,,"[278, 294]",
1011,,,,,,,,,,,,,,,,,,,,,,,,"[278, 294]",
1012,,,,,,,,,,,,,,,,,,,,,,,,"[312, 274]",
1013,,,,,,,,,,,,,,,,,,,,,,,,"[312, 274]",
1014,,,,,,,,,,,,,,,,,,,,,,,,"[358, 245]",
1015,,,,,,,,,,,,,,,,,,,,,,,,"[358, 245]",
1016,,,,,,,,,,,,,,,,,,,,,,,,"[376, 237]",
1017,,,,,,,,,,,,,,,,,,,,,,,,"[376, 237]",
1018,,,,,,,,,,,,,,,,,,,,,,,,"[414, 215]",
1019,,,,,,,,,,,,,,,,,,,,,,,,"[414, 215]",
1020,,,,,,,,,,,,,,,,,,,,,,,,"[438, 201]",
1021,,,,,,,,,,,,,,,,,,,,,,,,"[438, 201]",
1022,,,,,,,,,,,,,,,,,,,,,,,,,
1023,,,,,,,,,,,,,,,,,,,,,,,,,
1024,,,,,,,,,,,,,,,,,,,,,,,,,
1025,,,,,,,,,,,,,,,,,,,,,,,,,
1026,,,,,,,,,,,,,,,,,,,,,,,,,
1027,,,,,,,,,,,,,,,,,,,,,,,,,
1028,,,,,,,,,,,,,,,,,,,,,,,,,
1029,,,,,,,,,,,,,,,,,,,,,,,,,
1030,,,,,,,,,,,,,,,,,,,,,,,,,
1031,,,,,,,,,,,,,,,,,,,,,,,,,
1032,,,,,,,,,,,,,,,,,,,,,,,,,
1033,,,,,,,,,,,,,,,,,,,,,,,,,
1034,,,,,,,,,,,,,,,,,,,,,,,,,
1035,,,,,,,,,,,,,,,,,,,,,,,,,
1036,,,,,,,,,,,,,,,,,,,,,,,,,
1037,,,,,,,,,,,,,,,,,,,,,,,,,
1038,,,,,,,,,,,,,,,,,,,,,,,,,
1039,,,,,,,,,,,,,,,,,,,,,,,,,
1040,,,,,,,,,,,,,,,,,,,,,,,,,
1041,,,,,,,,,,,,,,,,,,,,,,,,,
1042,,,,,,,,,,,,,,,,,,,,,,,,,
1043,,,,,,,,,,,,,,,,,,,,,,,,,
1044,,,,,,,,,,,,,,,,,,,,,,,,,
1045,,,,,,,,,,,,,,,,,,,,,,,,,
1046,,,,,,,,,,,,,,,,,,,,,,,,,
1047,,,,,,,,,,,,,,,,,,,,,,,,,
1048,,,,,,,,,,,,,,,,,,,,,,,,,"[176, 375]"
1049,,,,,,,,,,,,,,,,,,,,,,,,,"[176, 375]"
1050,,,,,,,,,,,,,,,,,,,,,,,,,"[193, 358]"
1051,,,,,,,,,,,,,,,,,,,,,,,,,"[193, 358]"
1052,,,,,,,,,,,,,,,,,,,,,,,,,"[208, 340]"
1053,,,,,,,,,,,,,,,,,,,,,,,,,"[208, 340]"
1054,,,,,,,,,,,,,,,,,,,,,,,,,"[224, 326]"
1055,,,,,,,,,,,,,,,,,,,,,,,,,"[224, 326]"
1056,,,,,,,,,,,,,,,,,,,,,,,,,"[249, 306]"
1057,,,,,,,,,,,,,,,,,,,,,,,,,"[249, 306]"
1058,,,,,,,,,,,,,,,,,,,,,,,,,"[284, 284]"
1059,,,,,,,,,,,,,,,,,,,,,,,,,"[284, 284]"
1060,,,,,,,,,,,,,,,,,,,,,,,,,"[315, 265]"
1061,,,,,,,,,,,,,,,,,,,,,,,,,"[315, 265]"
1062,,,,,,,,,,,,,,,,,,,,,,,,,"[345, 247]"
1063,,,,,,,,,,,,,,,,,,,,,,,,,"[345, 247]"
1064,,,,,,,,,,,,,,,,,,,,,,,,,"[373, 231]"
1065,,,,,,,,,,,,,,,,,,,,,,,,,"[373, 231]"
1066,,,,,,,,,,,,,,,,,,,,,,,,,"[399, 217]"
1067,,,,,,,,,,,,,,,,,,,,,,,,,"[399, 217]"
1068,,,,,,,,,,,,,,,,,,,,,,,,,"[422, 204]"
1069,,,,,,,,,,,,,,,,,,,,,,,,,"[422, 204]"
1070,,,,,,,,,,,,,,,,,,,,,,,,,"[433, 199]"
1071,,,,,,,,,,,,,,,,,,,,,,,,,"[433, 199]"
1072,,,,,,,,,,,,,,,,,,,,,,,,,
1073,,,,,,,,,,,,,,,,,,,,,,,,,
1074,,,,,,,,,,,,,,,,,,,,,,,,,
1075,,,,,,,,,,,,,,,,,,,,,,,,,
1076,,,,,,,,,,,,,,,,,,,,,,,,,
1077,,,,,,,,,,,,,,,,,,,,,,,,,
1078,,,,,,,,,,,,,,,,,,,,,,,,,
1079,,,,,,,,,,,,,,,,,,,,,,,,,
1080,,,,,,,,,,,,,,,,,,,,,,,,,
1081,,,,,,,,,,,,,,,,,,,,,,,,,
1082,,,,,,,,,,,,,,,,,,,,,,,,,
1083,,,,,,,,,,,,,,,,,,,,,,,,,
1084,,,,,,,,,,,,,,,,,,,,,,,,,
1085,,,,,,,,,,,,,,,,,,,,,,,,,
1086,,,,,,,,,,,,,,,,,,,,,,,,,
1087,,,,,,,,,,,,,,,,,,,,,,,,,
1088,,,,,,,,,,,,,,,,,,,,,,,,,
1089,,,,,,,,,,,,,,,,,,,,,,,,,
1090,,,,,,,,,,,,,,,,,,,,,,,,,
1091,,,,,,,,,,,,,,,,,,,,,,,,,
1092,,,,,,,,,,,,,,,,,,,,,,,,,
1093,,,,,,,,,,,,,,,,,,,,,,,,,
1094,,,,,,,,,,,,,,,,,,,,,,,,,
1095,,,,,,,,,,,,,,,,,,,,,,,,,
1096,,,,,,,,,,,,,,,,,,,,,,,,,
1097,,,,,,,,,,,,,,,,,,,,,,,,,
1098,,,,,,,,,,,,,,,,,,,,,,,,,
1099,,,,,,,,,,,,,,,,,,,,,,,,,
1100,,,,,,,,,,,,,,,,,,,,,,,,,
1101,,,,,,,,,,,,,,,,,,,,,,,,,
1102,,,,,,,,,,,,,,,,,,,,,,,,,
1103,,,,,,,,,,,,,,,,,,,,,,,,,
1104,,,,,,,,,,,,,,,,,,,,,,,,,
1105,,,,,,,,,,,,,,,,,,,,,,,,,
1106,,,,,,,,,,,,,,,,,,,,,,,,,
1107,,,,,,,,,,,,,,,,,,,,,,,,,
1108,,,,,,,,,,,,,,,,,,,,,,,,,
1109,,,,,,,,,,,,,,,,,,,,,,,,,
1110,,,,,,,,,,,,,,,,,,,,,,,,,
1111,,,,,,,,,,,,,,,,,,,,,,,,,
1112,,,,,,,,,,,,,,,,,,,,,,,,,
1113,,,,,,,,,,,,,,,,,,,,,,,,,
1114,,,,,,,,,,,,,,,,,,,,,,,,,
1115,,,,,,,,,,,,,,,,,,,,,,,,,
1116,,,,,,,,,,,,,,,,,,,,,,,,,
1117,,,,,,,,,,,,,,,,,,,,,,,,,
1118,,,,,,,,,,,,,,,,,,,,,,,,,
1119,,,,,,,,,,,,,,,,,,,,,,,,,
1120,,,,,,,,,,,,,,,,,,,,,,,,,
1121,,,,,,,,,,,,,,,,,,,,,,,,,
1122,,,,,,,,,,,,,,,,,,,,,,,,,
1123,,,,,,,,,,,,,,,,,,,,,,,,,
1124,,,,,,,,,,,,,,,,,,,,,,,,,
1125,,,,,,,,,,,,,,,,,,,,,,,,,
1126,,,,,,,,,,,,,,,,,,,,,,,,,
1127,,,,,,,,,,,,,,,,,,,,,,,,,
1128,,,,,,,,,,,,,,,,,,,,,,,,,
1129,,,,,,,,,,,,,,,,,,,,,,,,,
1130,,,,,,,,,,,,,,,,,,,,,,,,,
1131,,,,,,,,,,,,,,,,,,,,,,,,,
1132,,,,,,,,,,,,,,,,,,,,,,,,,
1133,,,,,,,,,,,,,,,,,,,,,,,,,
1134,,,,,,,,,,,,,,,,,,,,,,,,,
1135,,,,,,,,,,,,,,,,,,,,,,,,,
1136,,,,,,,,,,,,,,,,,,,,,,,,,
1137,,,,,,,,,,,,,,,,,,,,,,,,,
1138,,,,,,,,,,,,,,,,,,,,,,,,,
1139,,,,,,,,,,,,,,,,,,,,,,,,,
1140,,,,,,,,,,,,,,,,,,,,,,,,,
1141,,,,,,,,,,,,,,,,,,,,,,,,,
1142,,,,,,,,,,,,,,,,,,,,,,,,,
1143,,,,,,,,,,,,,,,,,,,,,,,,,
1144,,,,,,,,,,,,,,,,,,,,,,,,,
1145,,,,,,,,,,,,,,,,,,,,,,,,,
1146,,,,,,,,,,,,,,,,,,,,,,,,,
1147,,,,,,,,,,,,,,,,,,,,,,,,,
1148,,,,,,,,,,,,,,,,,,,,,,,,,
1149,,,,,,,,,,,,,,,,,,,,,,,,,
1150,,,,,,,,,,,,,,,,,,,,,,,,,
1151,,,,,,,,,,,,,,,,,,,,,,,,,
1152,,,,,,,,,,,,,,,,,,,,,,,,,
1153,,,,,,,,,,,,,,,,,,,,,,,,,
1154,,,,,,,,,,,,,,,,,,,,,,,,,
1155,,,,,,,,,,,,,,,,,,,,,,,,,
1156,,,,,,,,,,,,,,,,,,,,,,,,,
1157,,,,,,,,,,,,,,,,,,,,,,,,,
1158,,,,,,,,,,,,,,,,,,,,,,,,,
1159,,,,,,,,,,,,,,,,,,,,,,,,,
1160,,,,,,,,,,,,,,,,,,,,,,,,,
1161,,,,,,,,,,,,,,,,,,,,,,,,,
1162,,,,,,,,,,,,,,,,,,,,,,,,,
1163,,,,,,,,,,,,,,,,,,,,,,,,,
1164,,,,,,,,,,,,,,,,,,,,,,,,,
1165,,,,,,,,,,,,,,,,,,,,,,,,,
1166,,,,,,,,,,,,,,,,,,,,,,,,,
1167,,,,,,,,,,,,,,,,,,,,,,,,,
1168,,,,,,,,,,,,,,,,,,,,,,,,,
1169,,,,,,,,,,,,,,,,,,,,,,,,,
1170,,,,,,,,,,,,,,,,,,,,,,,,,
1171,,,,,,,,,,,,,,,,,,,,,,,,,
1172,,,,,,,,,,,,,,,,,,,,,,,,,
1173,,,,,,,,,,,,,,,,,,,,,,,,,
1174,,,,,,,,,,,,,,,,,,,,,,,,,
1175,,,,,,,,,,,,,,,,,,,,,,,,,
1176,,,,,,,,,,,,,,,,,,,,,,,,,
1177,,,,,,,,,,,,,,,,,,,,,,,,,
1178,,,,,,,,,,,,,,,,,,,,,,,,,
1179,,,,,,,,,,,,,,,,,,,,,,,,,
1180,,,,,,,,,,,,,,,,,,,,,,,,,
1181,,,,,,,,,,,,,,,,,,,,,,,,,
1182,,,,,,,,,,,,,,,,,,,,,,,,,
1183,,,,,,,,,,,,,,,,,,,,,,,,,
1184,,,,,,,,,,,,,,,,,,,,,,,,,
1185,,,,,,,,,,,,,,,,,,,,,,,,,
1186,,,,,,,,,,,,,,,,,,,,,,,,,
1187,,,,,,,,,,,,,,,,,,,,,,,,,
1188,,,,,,,,,,,,,,,,,,,,,,,,,
1189,,,,,,,,,,,,,,,,,,,,,,,,,
1190,,,,,,,,,,,,,,,,,,,,,,,,,
1191,,,,,,,,,,,,,,,,,,,,,,,,,
1192,,,,,,,,,,,,,,,,,,,,,,,,,
1193,,,,,,,,,,,,,,,,,,,,,,,,,
1194,,,,,,,,,,,,,,,,,,,,,,,,,
1195,,,,,,,,,,,,,,,,,,,,,,,,,
1196,,,,,,,,,,,,,,,,,,,,,,,,,
1197,,,,,,,,,,,,,,,,,,,,,,,,,
1198,,,,,,,,,,,,,,,,,,,,,,,,,
1199,,,,,,,,,,,,,,,,,,,,,,,,,
1200,,,,,,,,,,,,,,,,,,,,,,,,,
1201,,,,,,,,,,,,,,,,,,,,,,,,,
1202,,,,,,,,,,,,,,,,,,,,,,,,,
1203,,,,,,,,,,,,,,,,,,,,,,,,,
1204,,,,,,,,,,,,,,,,,,,,,,,,,
1205,,,,,,,,,,,,,,,,,,,,,,,,,
1206,,,,,,,,,,,,,,,,,,,,,,,,,
1207,,,,,,,,,,,,,,,,,,,,,,,,,
1208,,,,,,,,,,,,,,,,,,,,,,,,,
1209,,,,,,,,,,,,,,,,,,,,,,,,,
1210,,,,,,,,,,,,,,,,,,,,,,,,,
1211,,,,,,,,,,,,,,,,,,,,,,,,,
1212,,,,,,,,,,,,,,,,,,,,,,,,,
1213,,,,,,,,,,,,,,,,,,,,,,,,,
1214,,,,,,,,,,,,,,,,,,,,,,,,,
1215,,,,,,,,,,,,,,,,,,,,,,,,,
1216,,,,,,,,,,,,,,,,,,,,,,,,,
1217,,,,,,,,,,,,,,,,,,,,,,,,,
1218,,,,,,,,,,,,,,,,,,,,,,,,,
1219,,,,,,,,,,,,,,,,,,,,,,,,,
1220,,,,,,,,,,,,,,,,,,,,,,,,,
1221,,,,,,,,,,,,,,,,,,,,,,,,,
1222,,,,,,,,,,,,,,,,,,,,,,,,,
1223,,,,,,,,,,,,,,,,,,,,,,,,,
1224,,,,,,,,,,,,,,,,,,,,,,,,,
1225,,,,,,,,,,,,,,,,,,,,,,,,,
1226,,,,,,,,,,,,,,,,,,,,,,,,,
1227,,,,,,,,,,,,,,,,,,,,,,,,,
1228,,,,,,,,,,,,,,,,,,,,,,,,,
1229,,,,,,,,,,,,,,,,,,,,,,,,,
1230,,,,,,,,,,,,,,,,,,,,,,,,,
1231,,,,,,,,,,,,,,,,,,,,,,,,,
1232,,,,,,,,,,,,,,,,,,,,,,,,,
1233,,,,,,,,,,,,,,,,,,,,,,,,,
1234,,,,,,,,,,,,,,,,,,,,,,,,,
1235,,,,,,,,,,,,,,,,,,,,,,,,,
1236,,,,,,,,,,,,,,,,,,,,,,,,,
1237,,,,,,,,,,,,,,,,,,,,,,,,,
1238,,,,,,,,,,,,,,,,,,,,,,,,,
1239,,,,,,,,,,,,,,,,,,,,,,,,,
1240,,,,,,,,,,,,,,,,,,,,,,,,,
1241,,,,,,,,,,,,,,,,,,,,,,,,,
1242,,,,,,,,,,,,,,,,,,,,,,,,,
1243,,,,,,,,,,,,,,,,,,,,,,,,,
1244,,,,,,,,,,,,,,,,,,,,,,,,,
1245,,,,,,,,,,,,,,,,,,,,,,,,,
1246,,,,,,,,,,,,,,,,,,,,,,,,,
1247,,,,,,,,,,,,,,,,,,,,,,,,,
1248,,,,,,,,,,,,,,,,,,,,,,,,,
1249,,,,,,,,,,,,,,,,,,,,,,,,,
1250,,,,,,,,,,,,,,,,,,,,,,,,,
1251,,,,,,,,,,,,,,,,,,,,,,,,,
1252,,,,,,,,,,,,,,,,,,,,,,,,,
1253,,,,,,,,,,,,,,,,,,,,,,,,,
1254,,,,,,,,,,,,,,,,,,,,,,,,,
1255,,,,,,,,,,,,,,,,,,,,,,,,,
1256,,,,,,,,,,,,,,,,,,,,,,,,,
1257,,,,,,,,,,,,,,,,,,,,,,,,,
1258,,,,,,,,,,,,,,,,,,,,,,,,,
1259,,,,,,,,,,,,,,,,,,,,,,,,,
1260,,,,,,,,,,,,,,,,,,,,,,,,,
1261,,,,,,,,,,,,,,,,,,,,,,,,,
1262,,,,,,,,,,,,,,,,,,,,,,,,,
1263,,,,,,,,,,,,,,,,,,,,,,,,,
1264,,,,,,,,,,,,,,,,,,,,,,,,,
1265,,,,,,,,,,,,,,,,,,,,,,,,,
1266,,,,,,,,,,,,,,,,,,,,,,,,,
1267,,,,,,,,,,,,,,,,,,,,,,,,,
1268,,,,,,,,,,,,,,,,,,,,,,,,,
1269,,,,,,,,,,,,,,,,,,,,,,,,,
1270,,,,,,,,,,,,,,,,,,,,,,,,,
1271,,,,,,,,,,,,,,,,,,,,,,,,,
1272,,,,,,,,,,,,,,,,,,,,,,,,,
1273,,,,,,,,,,,,,,,,,,,,,,,,,
1274,,,,,,,,,,,,,,,,,,,,,,,,,
1275,,,,,,,,,,,,,,,,,,,,,,,,,
1276,,,,,,,,,,,,,,,,,,,,,,,,,
1277,,,,,,,,,,,,,,,,,,,,,,,,,
1278,,,,,,,,,,,,,,,,,,,,,,,,,
1279,,,,,,,,,,,,,,,,,,,,,,,,,
1280,,,,,,,,,,,,,,,,,,,,,,,,,
1281,,,,,,,,,,,,,,,,,,,,,,,,,
1282,,,,,,,,,,,,,,,,,,,,,,,,,
1283,,,,,,,,,,,,,,,,,,,,,,,,,
1284,,,,,,,,,,,,,,,,,,,,,,,,,
1285,,,,,,,,,,,,,,,,,,,,,,,,,
1286,,,,,,,,,,,,,,,,,,,,,,,,,
1287,,,,,,,,,,,,,,,,,,,,,,,,,
1288,,,,,,,,,,,,,,,,,,,,,,,,,
1289,,,,,,,,,,,,,,,,,,,,,,,,,
1290,,,,,,,,,,,,,,,,,,,,,,,,,
1291,,,,,,,,,,,,,,,,,,,,,,,,,
1292,,,,,,,,,,,,,,,,,,,,,,,,,
1293,,,,,,,,,,,,,,,,,,,,,,,,,
1294,,,,,,,,,,,,,,,,,,,,,,,,,
1295,,,,,,,,,,,,,,,,,,,,,,,,,
1296,,,,,,,,,,,,,,,,,,,,,,,,,
1297,,,,,,,,,,,,,,,,,,,,,,,,,
1298,,,,,,,,,,,,,,,,,,,,,,,,,
1299,,,,,,,,,,,,,,,,,,,,,,,,,
1300,,,,,,,,,,,,,,,,,,,,,,,,,
1301,,,,,,,,,,,,,,,,,,,,,,,,,
1302,,,,,,,,,,,,,,,,,,,,,,,,,
1303,,,,,,,,,,,,,,,,,,,,,,,,,
1304,,,,,,,,,,,,,,,,,,,,,,,,,
1305,,,,,,,,,,,,,,,,,,,,,,,,,
1306,,,,,,,,,,,,,,,,,,,,,,,,,
1307,,,,,,,,,,,,,,,,,,,,,,,,,
1308,,,,,,,,,,,,,,,,,,,,,,,,,
1309,,,,,,,,,,,,,,,,,,,,,,,,,
1310,,,,,,,,,,,,,,,,,,,,,,,,,
1311,,,,,,,,,,,,,,,,,,,,,,,,,
1312,,,,,,,,,,,,,,,,,,,,,,,,,
1313,,,,,,,,,,,,,,,,,,,,,,,,,
1314,,,,,,,,,,,,,,,,,,,,,,,,,
1315,,,,,,,,,,,,,,,,,,,,,,,,,
1316,,,,,,,,,,,,,,,,,,,,,,,,,
1317,,,,,,,,,,,,,,,,,,,,,,,,,
1318,,,,,,,,,,,,,,,,,,,,,,,,,
1319,,,,,,,,,,,,,,,,,,,,,,,,,
1320,,,,,,,,,,,,,,,,,,,,,,,,,
1321,,,,,,,,,,,,,,,,,,,,,,,,,
1322,,,,,,,,,,,,,,,,,,,,,,,,,
1323,,,,,,,,,,,,,,,,,,,,,,,,,
1324,,,,,,,,,,,,,,,,,,,,,,,,,
1325,,,,,,,,,,,,,,,,,,,,,,,,,
1326,,,,,,,,,,,,,,,,,,,,,,,,,
1327,,,,,,,,,,,,,,,,,,,,,,,,,
1328,,,,,,,,,,,,,,,,,,,,,,,,,
1329,,,,,,,,,,,,,,,,,,,,,,,,,
1330,,,,,,,,,,,,,,,,,,,,,,,,,
1331,,,,,,,,,,,,,,,,,,,,,,,,,
1332,,,,,,,,,,,,,,,,,,,,,,,,,
1333,,,,,,,,,,,,,,,,,,,,,,,,,
1334,,,,,,,,,,,,,,,,,,,,,,,,,
1335,,,,,,,,,,,,,,,,,,,,,,,,,
1336,,,,,,,,,,,,,,,,,,,,,,,,,
1337,,,,,,,,,,,,,,,,,,,,,,,,,
1338,,,,,,,,,,,,,,,,,,,,,,,,,
1339,,,,,,,,,,,,,,,,,,,,,,,,,
1340,,,,,,,,,,,,,,,,,,,,,,,,,
1341,,,,,,,,,,,,,,,,,,,,,,,,,
1342,,,,,,,,,,,,,,,,,,,,,,,,,
1343,,,,,,,,,,,,,,,,,,,,,,,,,
1344,,,,,,,,,,,,,,,,,,,,,,,,,
1345,,,,,,,,,,,,,,,,,,,,,,,,,
1346,,,,,,,,,,,,,,,,,,,,,,,,,
1347,,,,,,,,,,,,,,,,,,,,,,,,,
1348,,,,,,,,,,,,,,,,,,,,,,,,,
1349,,,,,,,,,,,,,,,,,,,,,,,,,
1350,,,,,,,,,,,,,,,,,,,,,,,,,
1351,,,,,,,,,,,,,,,,,,,,,,,,,
1352,,,,,,,,,,,,,,,,,,,,,,,,,
1353,,,,,,,,,,,,,,,,,,,,,,,,,
1354,,,,,,,,,,,,,,,,,,,,,,,,,
1355,,,,,,,,,,,,,,,,,,,,,,,,,
1356,,,,,,,,,,,,,,,,,,,,,,,,,
1357,,,,,,,,,,,,,,,,,,,,,,,,,
1358,,,,,,,,,,,,,,,,,,,,,,,,,
1359,,,,,,,,,,,,,,,,,,,,,,,,,
1360,,,,,,,,,,,,,,,,,,,,,,,,,
1361,,,,,,,,,,,,,,,,,,,,,,,,,
1362,,,,,,,,,,,,,,,,,,,,,,,,,
1363,,,,,,,,,,,,,,,,,,,,,,,,,
1364,,,,,,,,,,,,,,,,,,,,,,,,,
1365,,,,,,,,,,,,,,,,,,,,,,,,,
1366,,,,,,,,,,,,,,,,,,,,,,,,,
1367,,,,,,,,,,,,,,,,,,,,,,,,,
1368,,,,,,,,,,,,,,,,,,,,,,,,,
1369,,,,,,,,,,,,,,,,,,,,,,,,,
1370,,,,,,,,,,,,,,,,,,,,,,,,,
1371,,,,,,,,,,,,,,,,,,,,,,,,,
1372,,,,,,,,,,,,,,,,,,,,,,,,,
1373,,,,,,,,,,,,,,,,,,,,,,,,,
1374,,,,,,,,,,,,,,,,,,,,,,,,,
1375,,,,,,,,,,,,,,,,,,,,,,,,,
1376,,,,,,,,,,,,,,,,,,,,,,,,,
1377,,,,,,,,,,,,,,,,,,,,,,,,,
1378,,,,,,,,,,,,,,,,,,,,,,,,,
1379,,,,,,,,,,,,,,,,,,,,,,,,,
1380,,,,,,,,,,,,,,,,,,,,,,,,,
1381,,,,,,,,,,,,,,,,,,,,,,,,,
1382,,,,,,,,,,,,,,,,,,,,,,,,,
1383,,,,,,,,,,,,,,,,,,,,,,,,,
1384,,,,,,,,,,,,,,,,,,,,,,,,,
1385,,,,,,,,,,,,,,,,,,,,,,,,,
1386,,,,,,,,,,,,,,,,,,,,,,,,,
1387,,,,,,,,,,,,,,,,,,,,,,,,,
1388,,,,,,,,,,,,,,,,,,,,,,,,,
1389,,,,,,,,,,,,,,,,,,,,,,,,,
1390,,,,,,,,,,,,,,,,,,,,,,,,,
1391,,,,,,,,,,,,,,,,,,,,,,,,,
1392,,,,,,,,,,,,,,,,,,,,,,,,,
1393,,,,,,,,,,,,,,,,,,,,,,,,,
1394,,,,,,,,,,,,,,,,,,,,,,,,,
1395,,,,,,,,,,,,,,,,,,,,,,,,,
1396,,,,,,,,,,,,,,,,,,,,,,,,,
1397,,,,,,,,,,,,,,,,,,,,,,,,,
1398,,,,,,,,,,,,,,,,,,,,,,,,,
1399,,,,,,,,,,,,,,,,,,,,,,,,,
1400,,,,,,,,,,,,,,,,,,,,,,,,,
1401,,,,,,,,,,,,,,,,,,,,,,,,,
1402,,,,,,,,,,,,,,,,,,,,,,,,,
1403,,,,,,,,,,,,,,,,,,,,,,,,,
1404,,,,,,,,,,,,,,,,,,,,,,,,,
1405,,,,,,,,,,,,,,,,,,,,,,,,,
1406,,,,,,,,,,,,,,,,,,,,,,,,,
1407,,,,,,,,,,,,,,,,,,,,,,,,,
1408,,,,,,,,,,,,,,,,,,,,,,,,,
1409,,,,,,,,,,,,,,,,,,,,,,,,,
1410,,,,,,,,,,,,,,,,,,,,,,,,,
1411,,,,,,,,,,,,,,,,,,,,,,,,,
1412,,,,,,,,,,,,,,,,,,,,,,,,,
1413,,,,,,,,,,,,,,,,,,,,,,,,,
1414,,,,,,,,,,,,,,,,,,,,,,,,,
1415,,,,,,,,,,,,,,,,,,,,,,,,,
1416,,,,,,,,,,,,,,,,,,,,,,,,,
1417,,,,,,,,,,,,,,,,,,,,,,,,,
1418,,,,,,,,,,,,,,,,,,,,,,,,,
1419,,,,,,,,,,,,,,,,,,,,,,,,,
1420,,,,,,,,,,,,,,,,,,,,,,,,,
1421,,,,,,,,,,,,,,,,,,,,,,,,,
1422,,,,,,,,,,,,,,,,,,,,,,,,,
1423,,,,,,,,,,,,,,,,,,,,,,,,,
1424,,,,,,,,,,,,,,,,,,,,,,,,,
1425,,,,,,,,,,,,,,,,,,,,,,,,,
1426,,,,,,,,,,,,,,,,,,,,,,,,,
1427,,,,,,,,,,,,,,,,,,,,,,,,,
1428,,,,,,,,,,,,,,,,,,,,,,,,,
1429,,,,,,,,,,,,,,,,,,,,,,,,,
1430,,,,,,,,,,,,,,,,,,,,,,,,,
1431,,,,,,,,,,,,,,,,,,,,,,,,,
1432,,,,,,,,,,,,,,,,,,,,,,,,,
1433,,,,,,,,,,,,,,,,,,,,,,,,,
1434,,,,,,,,,,,,,,,,,,,,,,,,,
1435,,,,,,,,,,,,,,,,,,,,,,,,,
1436,,,,,,,,,,,,,,,,,,,,,,,,,
1437,,,,,,,,,,,,,,,,,,,,,,,,,
1438,,,,,,,,,,,,,,,,,,,,,,,,,
1439,,,,,,,,,,,,,,,,,,,,,,,,,
1440,,,,,,,,,,,,,,,,,,,,,,,,,
1441,,,,,,,,,,,,,,,,,,,,,,,,,
1442,,,,,,,,,,,,,,,,,,,,,,,,,
1443,,,,,,,,,,,,,,,,,,,,,,,,,
1444,,,,,,,,,,,,,,,,,,,,,,,,,
1445,,,,,,,,,,,,,,,,,,,,,,,,,
1446,,,,,,,,,,,,,,,,,,,,,,,,,
1447,,,,,,,,,,,,,,,,,,,,,,,,,
1448,,,,,,,,,,,,,,,,,,,,,,,,,
1449,,,,,,,,,,,,,,,,,,,,,,,,,
1450,,,,,,,,,,,,,,,,,,,,,,,,,
1451,,,,,,,,,,,,,,,,,,,,,,,,,
1452,,,,,,,,,,,,,,,,,,,,,,,,,
1453,,,,,,,,,,,,,,,,,,,,,,,,,
1454,,,,,,,,,,,,,,,,,,,,,,,,,
1455,,,,,,,,,,,,,,,,,,,,,,,,,
1456,,,,,,,,,,,,,,,,,,,,,,,,,
1457,,,,,,,,,,,,,,,,,,,,,,,,,
1458,,,,,,,,,,,,,,,,,,,,,,,,,
1459,,,,,,,,,,,,,,,,,,,,,,,,,
1460,,,,,,,,,,,,,,,,,,,,,,,,,
1461,,,,,,,,,,,,,,,,,,,,,,,,,
1462,,,,,,,,,,,,,,,,,,,,,,,,,
1463,,,,,,,,,,,,,,,,,,,,,,,,,
1464,,,,,,,,,,,,,,,,,,,,,,,,,
1465,,,,,,,,,,,,,,,,,,,,,,,,,
1466,,,,,,,,,,,,,,,,,,,,,,,,,
1467,,,,,,,,,,,,,,,,,,,,,,,,,
1468,,,,,,,,,,,,,,,,,,,,,,,,,
1469,,,,,,,,,,,,,,,,,,,,,,,,,
1470,,,,,,,,,,,,,,,,,,,,,,,,,
1471,,,,,,,,,,,,,,,,,,,,,,,,,
1472,,,,,,,,,,,,,,,,,,,,,,,,,
1473,,,,,,,,,,,,,,,,,,,,,,,,,
1474,,,,,,,,,,,,,,,,,,,,,,,,,
1475,,,,,,,,,,,,,,,,,,,,,,,,,
1476,,,,,,,,,,,,,,,,,,,,,,,,,
1477,,,,,,,,,,,,,,,,,,,,,,,,,
1478,,,,,,,,,,,,,,,,,,,,,,,,,
1479,,,,,,,,,,,,,,,,,,,,,,,,,
1480,,,,,,,,,,,,,,,,,,,,,,,,,
1481,,,,,,,,,,,,,,,,,,,,,,,,,
1482,,,,,,,,,,,,,,,,,,,,,,,,,
1483,,,,,,,,,,,,,,,,,,,,,,,,,
1484,,,,,,,,,,,,,,,,,,,,,,,,,
1485,,,,,,,,,,,,,,,,,,,,,,,,,
1486,,,,,,,,,,,,,,,,,,,,,,,,,
1487,,,,,,,,,,,,,,,,,,,,,,,,,
1488,,,,,,,,,,,,,,,,,,,,,,,,,
1489,,,,,,,,,,,,,,,,,,,,,,,,,
1490,,,,,,,,,,,,,,,,,,,,,,,,,
1491,,,,,,,,,,,,,,,,,,,,,,,,,
1492,,,,,,,,,,,,,,,,,,,,,,,,,
1493,,,,,,,,,,,,,,,,,,,,,,,,,
1494,,,,,,,,,,,,,,,,,,,,,,,,,
1495,,,,,,,,,,,,,,,,,,,,,,,,,
1496,,,,,,,,,,,,,,,,,,,,,,,,,
1497,,,,,,,,,,,,,,,,,,,,,,,,,
1498,,,,,,,,,,,,,,,,,,,,,,,,,
1499,,,,,,,,,,,,,,,,,,,,,,,,,
1500,,,,,,,,,,,,,,,,,,,,,,,,,
1501,,,,,,,,,,,,,,,,,,,,,,,,,
1502,,,,,,,,,,,,,,,,,,,,,,,,,
1503,,,,,,,,,,,,,,,,,,,,,,,,,
1504,,,,,,,,,,,,,,,,,,,,,,,,,
1505,,,,,,,,,,,,,,,,,,,,,,,,,
1506,,,,,,,,,,,,,,,,,,,,,,,,,
1507,,,,,,,,,,,,,,,,,,,,,,,,,
1508,,,,,,,,,,,,,,,,,,,,,,,,,
1509,,,,,,,,,,,,,,,,,,,,,,,,,
1510,,,,,,,,,,,,,,,,,,,,,,,,,
1511,,,,,,,,,,,,,,,,,,,,,,,,,
1512,,,,,,,,,,,,,,,,,,,,,,,,,
1513,,,,,,,,,,,,,,,,,,,,,,,,,
1514,,,,,,,,,,,,,,,,,,,,,,,,,
1515,,,,,,,,,,,,,,,,,,,,,,,,,
1516,,,,,,,,,,,,,,,,,,,,,,,,,
1517,,,,,,,,,,,,,,,,,,,,,,,,,
1518,,,,,,,,,,,,,,,,,,,,,,,,,
1519,,,,,,,,,,,,,,,,,,,,,,,,,
1520,,,,,,,,,,,,,,,,,,,,,,,,,
1521,,,,,,,,,,,,,,,,,,,,,,,,,
1522,,,,,,,,,,,,,,,,,,,,,,,,,
1523,,,,,,,,,,,,,,,,,,,,,,,,,
1524,,,,,,,,,,,,,,,,,,,,,,,,,
1525,,,,,,,,,,,,,,,,,,,,,,,,,
1526,,,,,,,,,,,,,,,,,,,,,,,,,
1527,,,,,,,,,,,,,,,,,,,,,,,,,
1528,,,,,,,,,,,,,,,,,,,,,,,,,
1529,,,,,,,,,,,,,,,,,,,,,,,,,
1530,,,,,,,,,,,,,,,,,,,,,,,,,
1531,,,,,,,,,,,,,,,,,,,,,,,,,
1532,,,,,,,,,,,,,,,,,,,,,,,,,
1533,,,,,,,,,,,,,,,,,,,,,,,,,
1534,,,,,,,,,,,,,,,,,,,,,,,,,
1535,,,,,,,,,,,,,,,,,,,,,,,,,
1536,,,,,,,,,,,,,,,,,,,,,,,,,
1537,,,,,,,,,,,,,,,,,,,,,,,,,
1538,,,,,,,,,,,,,,,,,,,,,,,,,
1539,,,,,,,,,,,,,,,,,,,,,,,,,
1540,,,,,,,,,,,,,,,,,,,,,,,,,
1541,,,,,,,,,,,,,,,,,,,,,,,,,
1542,,,,,,,,,,,,,,,,,,,,,,,,,
1543,,,,,,,,,,,,,,,,,,,,,,,,,
1544,,,,,,,,,,,,,,,,,,,,,,,,,
1545,,,,,,,,,,,,,,,,,,,,,,,,,
1546,,,,,,,,,,,,,,,,,,,,,,,,,
1547,,,,,,,,,,,,,,,,,,,,,,,,,
1548,,,,,,,,,,,,,,,,,,,,,,,,,
1549,,,,,,,,,,,,,,,,,,,,,,,,,
1550,,,,,,,,,,,,,,,,,,,,,,,,,
1551,,,,,,,,,,,,,,,,,,,,,,,,,
1552,,,,,,,,,,,,,,,,,,,,,,,,,
1553,,,,,,,,,,,,,,,,,,,,,,,,,
1554,,,,,,,,,,,,,,,,,,,,,,,,,
1555,,,,,,,,,,,,,,,,,,,,,,,,,
1556,,,,,,,,,,,,,,,,,,,,,,,,,
1557,,,,,,,,,,,,,,,,,,,,,,,,,
1558,,,,,,,,,,,,,,,,,,,,,,,,,
1559,,,,,,,,,,,,,,,,,,,,,,,,,
1560,,,,,,,,,,,,,,,,,,,,,,,,,
1561,,,,,,,,,,,,,,,,,,,,,,,,,
1562,,,,,,,,,,,,,,,,,,,,,,,,,
1563,,,,,,,,,,,,,,,,,,,,,,,,,
1564,,,,,,,,,,,,,,,,,,,,,,,,,
1565,,,,,,,,,,,,,,,,,,,,,,,,,
1566,,,,,,,,,,,,,,,,,,,,,,,,,
1567,,,,,,,,,,,,,,,,,,,,,,,,,
1568,,,,,,,,,,,,,,,,,,,,,,,,,
1569,,,,,,,,,,,,,,,,,,,,,,,,,
1570,,,,,,,,,,,,,,,,,,,,,,,,,
1571,,,,,,,,,,,,,,,,,,,,,,,,,
1572,,,,,,,,,,,,,,,,,,,,,,,,,
1573,,,,,,,,,,,,,,,,,,,,,,,,,
1574,,,,,,,,,,,,,,,,,,,,,,,,,
1575,,,,,,,,,,,,,,,,,,,,,,,,,
1576,,,,,,,,,,,,,,,,,,,,,,,,,
1577,,,,,,,,,,,,,,,,,,,,,,,,,
1578,,,,,,,,,,,,,,,,,,,,,,,,,
1579,,,,,,,,,,,,,,,,,,,,,,,,,
1580,,,,,,,,,,,,,,,,,,,,,,,,,
1581,,,,,,,,,,,,,,,,,,,,,,,,,
1582,,,,,,,,,,,,,,,,,,,,,,,,,
1583,,,,,,,,,,,,,,,,,,,,,,,,,
1584,,,,,,,,,,,,,,,,,,,,,,,,,
1585,,,,,,,,,,,,,,,,,,,,,,,,,
